OrderID,RestaurantLat,RestaurantLon,CustomerLat,CustomerLon,OrderValue,FoodPrepTime
1,26.750941879627735,80.63329570876381,26.675342808103057,80.98434615583041,328.79835131343714,7
2,27.136978585294646,80.89016868211242,26.66547579537824,81.07361060597779,422.17293171999455,12
3,26.990435941013644,81.12852100183102,27.107190568949097,80.6803368871306,404.06437191606364,11
4,26.901101184412017,81.02720191821489,26.66719595389917,80.94990935171704,161.55996187750947,7
5,26.60453248909643,81.08072402646025,26.682206316506182,80.9116571078635,159.69978789658956,10
6,26.604516328625255,80.97432402403172,27.008796835820036,81.09963787128756,207.26974709796534,8
7,26.538916020152694,80.99843912645285,26.801325694441864,81.1523826835465,244.4298905364149,9
8,27.08033801766921,81.11142086912703,27.020396073159972,80.50875287546371,263.382232563393,9
9,26.902747057867952,80.67976096637861,26.543795325568137,80.98529434172232,371.8788867333381,11
10,26.974408627123353,80.85238597382306,26.82667269976117,80.53732177536621,122.67217286633417,9
11,26.51379161117819,80.65927079811011,26.5225211121228,80.89517823885569,113.86908169042655,7
12,27.14983960094854,81.21112096575759,26.541977646315086,80.70709556491144,256.7642251775636,14
13,27.057736569336285,81.17972272457436,27.107313093740757,80.72087915165594,378.8654768551922,9
14,26.642267204154447,80.52838730418533,26.59329439864879,80.75413012248569,177.37413718259302,11
15,26.621822728028757,81.0080141242113,26.856721857124395,80.94733056331572,356.6017925025007,9
16,26.622881021601803,81.16617878853928,26.775434053742472,80.74051597528151,203.9312551761198,9
17,26.703842302782892,80.63001424849168,26.732720028593427,81.027543316425,454.43444352540655,13
18,26.8515868091936,80.90892056599789,27.102888341610473,80.79125971761319,458.2759777066466,7
19,26.789403162490217,81.15915157426339,26.514621675839578,80.54921430422317,218.9148817125306,10
20,26.69512352393269,80.52444110458177,26.944739089737645,81.06430708658856,191.99750158529622,5
21,26.909941439463996,81.00214259241773,27.14547427092308,80.70574599370674,264.5215888264925,14
22,26.59346088663687,80.71409128530824,26.875312682919436,80.81159215331147,196.21263407205947,9
23,26.695736914518598,81.1655652606711,27.127671049562174,80.99351959591976,368.95353731668143,12
24,26.745462435006775,81.19916193651906,26.535012779121637,80.73936843314708,430.42587381931423,9
25,26.805566889425414,81.17987187216167,26.780591523779687,80.54074167242564,369.2368523644868,13
26,27.02606789413332,80.84143423599338,26.674305719944574,80.76922315384923,429.7401788997398,10
27,26.633781434046103,81.12067070871231,26.98965004653709,81.18000297953989,258.79686488298967,12
28,26.844537073737122,81.10807556694525,27.157469050633157,80.96204876605496,162.52678828354433,14
29,26.89691776113757,80.72975234073515,26.671875141837646,80.98346498704039,395.1803789590369,12
30,26.531121776522397,81.0968191413885,26.93829698298763,80.9552431506191,244.18980205662155,7
31,26.907055050773966,80.52664549699516,26.632725413949025,80.6432743400508,368.508330091653,11
32,26.614251162870485,80.92931431250707,26.87877127056298,80.80120038215364,208.25757679270626,11
33,26.543584567300137,80.66560636284714,26.810834766081186,81.04067665482158,132.49185392266907,14
34,27.135753309959735,80.58680815775963,27.151243570853133,80.57298848623827,497.03271819510536,10
35,27.146973462159956,80.55540630517304,26.907713272706633,80.7000539987846,162.4806031722397,11
36,27.04162622323803,81.00132791863226,26.73416926929817,80.69894975809541,495.3683975853924,6
37,26.704091225346158,80.744709973913,26.576444175874915,80.81105362786805,490.9119730265789,13
38,26.565440316384276,81.02183207550071,26.601335375252408,81.20586549347837,417.52724156321585,14
39,26.958436127763147,80.54705656537524,26.650962343067327,80.54860183361235,363.76918483279906,14
40,26.794902170805532,80.72700904323804,26.668147663098,80.87346471595403,331.12282010043384,5
41,26.581765617346,80.88843373051024,27.069912758753564,80.62914257104879,446.4406181511339,5
42,26.831768529774553,81.06932067868405,26.876019268149292,81.19888711269502,215.77580864779517,7
43,26.523040309147195,80.72950180211109,26.850671910620825,80.58157852340378,287.0724849939508,7
44,27.109244669392787,80.95064179103464,26.576895144152378,80.79059272170035,347.7559877466008,5
45,26.673382587672013,81.13790397873005,27.076293594544122,81.03127718908091,264.47619034779643,11
46,26.94388993051717,80.94342149549126,26.984285583149685,81.00727918817977,270.9945816361072,8
47,26.708846420979906,80.66773082182262,26.545337802473,80.80436461856362,232.11386700083375,14
48,26.848445574189135,80.51756856272071,26.974249515143946,80.74949740092596,325.6927266738144,6
49,26.86629588716,81.12647118920867,26.864170605619574,80.78628091255807,440.2298112060464,14
50,26.623852485202104,80.51531397581228,26.55475598165034,80.69027890947422,180.61135120252516,9
51,27.149621700602257,81.12978520433262,26.807061429824202,80.6478397158689,473.77321550137657,10
52,27.01933899165195,80.8808347364996,26.824746512377132,80.8477885822424,375.63506149929185,13
53,27.12946429084801,81.17612874292928,26.611068941909394,80.69334430436868,429.3092850720121,8
54,27.099534324786525,81.07512392975704,27.13361775849019,80.70697239872602,322.47627705200466,6
55,26.900592985803428,81.218512559584,27.069483498892044,80.97286436570168,411.80668056962537,9
56,27.11765573746549,80.75251250712523,26.948244966010503,81.19734687882392,106.48015893578689,7
57,26.559289976374785,81.05237556803041,26.80973802587041,80.93461878440274,427.3521699118141,6
58,26.631308517820827,80.78939025779866,26.775882912861622,80.55542521628678,116.0555436341466,5
59,26.53030228357006,80.84551044661882,26.93615222299114,80.55442020197493,455.965350545145,14
60,26.717971321611387,80.95180393351723,26.865439352502626,81.18502471900881,496.78509889545734,6
61,26.760413784091952,81.12904752221417,26.541722980940865,80.71404936902128,217.6269848707111,10
62,26.68180385128851,81.20854009782349,26.843376774676123,80.56628822997938,184.12742251431746,12
63,27.055254131131793,81.05315685798246,27.040290423546004,80.93131210274828,406.1453455432163,7
64,26.739024728884704,80.80079208316047,26.807690717989964,80.949027120369,201.2105363681013,13
65,26.688226121490544,80.8033770416395,26.53481090696136,80.96692347048545,446.2249532688814,13
66,26.863606375716028,81.031059257144,27.026806393587304,80.69252946005743,141.13703686299067,6
67,26.59441923073309,80.67191954495318,26.6349137340311,80.51087969263442,150.3820785517433,12
68,27.03747197710521,80.5795413614546,26.673275959374987,81.19481106600722,491.6606220402462,14
69,26.549948931265448,80.75532795350136,26.610353256799637,80.68064299289759,369.53555930800184,9
70,27.16121424752235,80.70681207399093,26.721244093463906,80.98673892739784,438.75488977158113,8
71,27.01740399542876,80.71334184672831,27.007023508811386,81.00877350631266,229.7317509406072,14
72,26.633139506627895,80.66819758075593,26.84798852586764,80.93920534029724,370.59349980824175,9
73,26.503699818472814,80.53030709653818,26.637270453680976,80.72529332383382,337.69673092343885,8
74,27.04635915706474,80.51286923300806,27.08814615236187,80.69518930271013,341.2600480491788,12
75,26.973594420377903,81.21116012060995,27.089319842817527,80.93032116354594,373.0129838150886,8
76,26.988434802587463,80.80799665628982,27.083287544780827,81.12358885620041,330.14366925163944,14
77,27.016751132279584,80.77671518595497,26.659993461625632,81.18164828482485,271.6249477210664,10
78,26.54960991666184,80.98934604353902,26.802330360601264,80.57625217917071,210.36907775221874,6
79,26.740172038124662,80.65714279926284,27.15994306961439,80.61147660107036,407.4325323652808,9
80,26.577632269881835,81.18397205244416,27.017248359127695,81.18021010632381,190.5089720012745,10
81,27.07827929533665,81.06616841037919,26.518202172221127,81.03030536440104,376.94172246176566,9
82,26.917609744974463,80.56437592166483,26.54368707614453,81.13575555387743,193.33312905973065,6
83,26.721701676651275,80.80065815856514,26.810834022464263,80.64589549657745,350.1320679817816,11
84,26.542584094691637,81.13296518144476,27.10917753792725,80.92306182719877,398.83130685161154,8
85,26.708358155549494,81.18020705604981,26.86093020462832,81.00482050798058,187.48555556261567,12
86,26.717872825757922,80.83652908809991,26.833534380382975,80.98968055752182,123.97732034452332,11
87,26.988836139486505,80.9416562002317,26.570667378970942,80.79386921742402,152.38949719766964,11
88,26.927163505807993,80.6202644411863,26.94004267016528,80.51108432201774,342.3987869084102,13
89,27.09443253752614,81.21364141081862,27.050809117602153,80.91970676089907,439.77856249029423,5
90,26.816383999858505,80.66680362499608,26.75488140503007,80.68223310820932,117.99872849416974,14
91,26.580128144778662,81.17876687737729,27.019659940119972,80.82418305722288,393.6605036166585,10
92,26.977874007439407,80.9677455872745,27.146199358113545,81.18945833086035,236.52745838002085,10
93,27.009725982573322,80.93757049231277,26.63652352761555,80.78730542870255,291.411347967809,10
94,26.876055722371564,80.86913572793189,26.850630852900476,81.10465715679838,471.54381993822625,10
95,27.016548010569558,80.66608226443678,26.692382431916666,80.63574923613946,232.7886018943382,14
96,26.83084304956414,80.62710018304396,27.031212460752673,80.98417155857803,286.1347735757944,11
97,26.850230995685937,80.65875007053053,26.886987555140376,81.20344500719604,105.47296590427244,14
98,26.78645248230023,80.63423554874386,26.925170219758705,80.57336303262852,132.63948800193535,10
99,26.517030814918545,81.06130082096806,27.03460248694265,80.50599035840358,203.4366364539136,5
100,26.572287256085513,80.75209018660004,26.765300216683844,80.81217961069548,111.14089632842976,7
101,26.521057554410113,80.54164672712565,27.11311034583272,80.56669034779698,352.5501304193004,6
102,26.926394975546735,81.19775389370139,26.857129341054915,81.03883673176689,270.559342720649,10
103,26.71061850732114,81.13632583717367,26.605829731299682,81.15847503797096,319.25808109120885,12
104,26.840742363080352,81.16798164390055,26.966252409173098,80.8124951003503,169.8588743585318,7
105,27.108069537530483,81.21633363230544,27.03148510479363,80.68627238235192,218.37281177464644,14
106,26.667025793529746,80.62520457943803,26.712230323635243,80.81277038968476,365.52978994109003,12
107,26.77495655843387,80.78529425360992,27.074310102189166,81.020882428852,486.12108945215994,12
108,27.006219262823844,81.04593170250695,27.107115980693067,80.50651899633786,120.16670944088368,9
109,26.653294770879388,81.00113484499873,26.68552600654313,80.92440687242897,456.15372834210643,12
110,26.55157653958529,80.6108050525647,27.1589593867192,80.9415700131189,330.7524805244834,10
111,26.694133473452226,81.08739984999325,26.594276723792667,80.95913553776508,325.5678267022495,9
112,26.608018262460185,80.6615972117224,26.63535049782967,80.67425589758624,300.11141408310414,13
113,27.122897427069525,80.66114868267229,26.623430642289478,81.01411796083225,127.75763436167335,11
114,27.04144065430816,80.88662158448325,27.098973105705277,80.56580187015888,135.95074069446426,12
115,26.924380516861984,80.92691675308602,26.938376010057727,80.6434746422561,340.36480226363443,5
116,27.083878595425773,80.91766206964323,26.601909869758924,81.13177843359122,236.38342857422333,6
117,27.03846029152241,80.56587052292639,26.795016690306795,81.03188066852313,466.90722663107226,12
118,26.625001939453643,81.13177182109388,26.91224967679677,80.50989679888816,262.6362149437889,13
119,27.098014528988287,80.69123203066387,26.555920936942886,80.67883090746625,157.31258348105644,8
120,26.861359302083486,80.59325074332362,27.09121896683292,80.65437266775508,385.8875334008144,14
121,27.040984903959924,81.13989861750566,27.03841436874583,80.69498055618662,217.34136857640394,14
122,27.100381170948744,81.18806907872542,26.83848853829635,80.67824303460152,310.18812294235727,13
123,26.71306232823115,81.12073188443112,27.147974832223646,80.54501893293485,379.133114202068,8
124,26.573734789433544,81.08285157380192,26.779899856114316,80.83043717194971,460.1056444808282,14
125,26.6527165589031,80.97177422606009,27.159353913754455,81.02756810184604,416.8764779206704,14
126,26.78616221837959,80.89661730683858,26.94750639919843,80.93684684179655,370.54442714908964,14
127,27.048069893168073,80.56263046713622,26.925229753080142,80.98446760139062,371.85327295805746,13
128,27.076689490781753,80.7940863134109,26.611189779848175,80.5584274085461,478.3698576128346,11
129,26.5046579274559,80.76833573224887,27.09089159806411,81.18507331132729,218.32963899861443,6
130,26.84220069272697,80.68702272430744,26.786418090906814,81.10371412036697,100.44483767847497,13
131,26.779665372109683,81.02086248185579,26.60869638187426,81.07966502931687,208.78182375927946,8
132,26.64881223301539,80.85703052925672,26.508447038383757,81.09254833963007,187.1565518506976,12
133,26.580309796113568,80.55835327545351,26.875036308037718,81.17155156585558,364.7338340455993,11
134,26.72620216484043,80.65853190540386,26.853357746822194,80.89186285560186,353.4846399062116,11
135,27.13174950162139,80.9919463098349,26.981966926987337,80.6442030528647,337.3845530818895,12
136,26.716545964453907,80.55481421883302,27.096472895521927,80.94408419765382,106.49737728378147,5
137,26.847589716568056,81.11286897811512,26.55320241171083,81.03487467544092,391.511221780259,9
138,26.97102270245977,80.85650549945007,26.990102648528044,81.0313005232149,229.41216499419662,6
139,26.743631833594126,80.84602233567519,26.62556600254538,80.87544329740015,366.02239560265247,6
140,27.151093995423047,80.92653360495486,27.0749786256153,80.54929027792018,322.6313714008613,5
141,27.144839687611217,81.0937702954661,27.04877255428731,80.7672013156697,237.09237017116288,9
142,26.668694138202994,80.75042262968958,26.862331815840317,81.16295195809361,153.8305068416431,6
143,26.8331564989479,80.98817162984253,26.97586267507762,80.92080321502534,137.76755906419237,8
144,26.701588467577235,80.90732701407697,26.710614575833112,80.88759899914412,432.60733324488945,7
145,26.690843131232903,80.69226035452198,26.815682492284985,80.69357453035518,467.3590168326232,7
146,26.524714254727538,81.13261359017571,27.05049672146602,80.76528322233993,359.91521870571984,6
147,26.908408103766533,81.074146735557,26.807707682106056,81.14464918419029,141.37364594419336,10
148,26.836794945563337,80.97408532095406,26.739724837768048,80.97985339421932,260.8108867552963,6
149,26.534490763337494,81.11241884494785,26.831122339657703,81.06691865926167,391.5756800420629,12
150,26.68669313103853,81.12445182469105,27.054926999132938,80.82712870460871,411.9283536040272,12
151,27.10853814359766,81.01002134323483,26.724589391738487,80.95377799800843,147.28744891643544,9
152,26.66050646674687,81.10264959642184,26.616420267400947,80.67883619829512,100.01228753815296,14
153,26.59707956430112,81.00217945240189,26.977049393621623,81.0079317978041,384.854818352242,11
154,26.82793334938597,80.98970135566742,27.053405402514414,80.80787296026641,242.63847039448225,8
155,27.160385804254105,80.94540019231493,26.56742711061077,80.81863277066661,201.79253264730409,5
156,26.662177031912705,81.0419559804815,26.660715655546483,80.96751207369536,105.15898791581017,6
157,26.95033081676194,80.61419567581102,26.595121233139867,81.17412204745763,316.1197627045999,14
158,27.01028514227024,81.13422694662323,26.73312074576005,80.5460845695582,440.4602941703927,14
159,26.65921715447491,81.12772733997656,26.801735155866627,81.09381513088985,483.05265850903515,8
160,26.98790495356995,80.52105804378488,27.001713645765417,80.71051583949678,326.29798024531567,5
161,26.7464146989219,81.09458806040662,26.936268881870724,80.81962200724459,305.7845310959577,12
162,26.9236449064977,80.59278630458088,26.91602214021055,80.51577759671801,134.02255419569644,13
163,26.9244649062098,80.74128557506658,26.73609121422847,80.71675317604071,319.5491206170399,8
164,26.858969038330088,81.03532594452996,27.06376986056679,80.86189449469369,251.99163158615784,14
165,26.560494145936453,80.61574712515478,26.81576240215677,80.54044677569016,342.85411235343076,7
166,27.05965267204479,81.08893625736573,27.156000308470155,80.85358892515588,255.49053915061867,6
167,26.714922643531064,81.09913660812957,26.924875232658145,81.16751965277807,196.1196493801467,9
168,26.624967401967904,80.8653767683078,26.584597376848215,80.57588311703762,137.9861100913506,7
169,26.527319344841693,80.50459782763612,26.95303896659054,81.05039732421436,225.9673778355583,14
170,26.895898271936122,80.70666745588593,26.71781969033924,80.79496315843072,138.6579337151009,11
171,26.95396812243433,80.94418738123053,26.959839221779685,80.97172507445752,170.75878032959358,10
172,26.511113845381665,81.20645404817975,26.54665956926881,80.68737035054936,494.93446343181836,5
173,26.84310234906052,80.954905739452,26.617170562907894,80.61483442902978,277.64142276264744,12
174,26.65175216938262,80.68705857836619,27.07334396346688,80.61553308227528,312.7487066020066,6
175,26.932265769574332,80.95648410623171,26.652210303205756,80.55075420086307,449.4474114948861,9
176,26.616825507433344,80.88878947339542,27.06081755391277,80.6336656275289,498.22756019627514,13
177,26.962928284528655,81.06148868450882,26.687114979264454,80.97823795719205,333.0857797378726,12
178,26.75911268202136,80.57702605995541,26.930730879739336,81.13481724052733,424.9895284176687,6
179,27.127609092453614,81.04794008980146,26.965080884251588,81.08617049362563,230.7764097346701,13
180,26.592139032577816,80.8897119366468,26.843478684607188,80.99329670310962,222.29758297891644,9
181,26.728514455203673,81.19335424277847,26.70455815338681,80.579510941656,261.08148839782405,14
182,26.576027259231196,80.74614795954786,26.642471732168634,80.70821496133308,369.00290506945964,10
183,27.119544724246637,80.95548776305644,26.522236867556824,80.72306095023218,372.8766757020395,7
184,27.087817366765258,81.17106023596722,26.703644088831286,80.67996900140629,226.0957738597803,7
185,26.672820890569156,80.5738070041533,26.93761906965596,80.870804074991,153.28396965465146,14
186,26.942189310842902,81.17480451081025,27.128664228360485,80.88559874671337,352.9585025862034,12
187,27.047538874134816,80.99527772005659,27.083707003116245,80.7569579021232,151.3303448755058,14
188,26.871984543771642,80.54884268255573,27.013263400278653,80.75472819429024,331.39700329173206,14
189,26.854865887498526,80.71669376820171,27.02825971997971,81.09656003049238,377.3688512225236,6
190,26.662041034903304,81.0098839038246,26.94553988532892,81.06829085079018,380.24459855778065,6
191,26.56237885442995,80.54849243305752,26.674392194569222,80.72161299881013,401.3888442638387,9
192,27.10113455782873,80.91916273132692,27.107820670572906,81.15792767958875,449.1437686262658,10
193,27.103280098299432,80.74903580100613,26.94939064897691,81.1860268122418,299.9835967859154,6
194,26.92417797637309,80.94705917279258,26.875495222756896,80.73525463026164,392.0996758118285,9
195,26.72714996000263,80.53293426434502,26.574362944373032,80.755185963131,347.6690941463347,11
196,26.733970414990484,81.1275065004297,26.799527214350306,80.8640565904638,174.65597591907303,14
197,26.986390304843063,81.20091205780773,26.808440041705293,81.17760698502424,110.27585794776327,14
198,27.10106387416823,81.1975920558057,27.07925761838019,81.13094999186247,213.8165542707735,12
199,27.09434790425763,81.0397493188549,26.866254307525818,80.57384893306019,277.2134825350478,11
200,27.02251661572461,80.59366209289405,26.754868367810175,80.78276613515541,346.8423777714625,12
201,26.930161202923372,81.04594950106889,27.154456220102144,80.89842725661984,439.9837322012821,13
202,26.556373776546682,80.51770257985034,26.574182797528632,80.8622553802371,178.49828668246624,9
203,26.608291238443393,80.51592895710088,26.783107446969005,80.63958140891457,150.21991595939085,9
204,27.102031306313144,80.73299935778768,26.528156532364843,81.11834807524107,485.391978989731,14
205,26.906307469971928,80.85182309709135,26.995735760913846,80.98739736375772,143.21782375056284,8
206,26.50616202458314,81.05469334082161,27.11511128997343,81.10329402989329,291.39642804287564,13
207,26.56798593372024,80.99197267115669,26.68762501079883,81.11831028113161,334.22549151732073,9
208,26.9445461853024,80.82104994859125,27.07508892345541,81.03881621463933,316.5497683629753,6
209,26.503391261176965,80.6970111997228,26.695786214409473,80.8162316328998,134.4128628131773,14
210,26.607741394449725,81.21792964011355,27.110216008301425,80.9395936636111,122.81076560144774,12
211,26.867651638875614,80.8068505376099,27.005154475409846,80.61546309240622,142.1933709844143,11
212,26.963569782454105,80.82499865751737,27.039287540483766,80.98502470058193,334.235073549045,12
213,26.936814043866743,80.617809151258,26.512064392252306,80.62906234413228,317.73795505372846,7
214,26.650260437338577,81.07226287509995,27.1450829392396,80.99964370516732,193.4963168146977,8
215,26.977160078302852,80.99945120256267,26.98686956468712,80.66531067574286,355.1096567382366,9
216,26.658956888622857,80.65895412120791,26.70418323390871,80.58463693610815,428.02700082225977,10
217,26.71801779776671,80.5593143528434,27.055694425455428,80.61900483290293,116.6315839386375,5
218,27.000149241429078,80.9899594974938,26.688619202938003,80.50143433735774,299.2519774192169,8
219,26.935254042361635,80.97124807428241,27.084745072509307,81.01749252485455,375.7241648410761,14
220,27.0689796850311,80.6967468594387,26.575428861575997,81.02732875532203,200.92477082787485,9
221,26.940600637841232,81.18462176482029,26.971469604898733,80.87075201193754,223.10836211725965,11
222,26.880766764234767,80.60876168208225,26.86226797935209,80.61618121675987,345.45516119575353,9
223,26.56276209444482,80.81128105675067,26.564678095030946,80.5601591230077,459.1741173774948,5
224,26.74636958804982,81.17940346252067,26.662068864933424,80.51377285583484,423.96976812115975,11
225,26.677685586346758,80.8022036681868,26.5083107043058,80.61933868741495,333.2520876398334,12
226,26.663473061063986,80.95973868231815,26.81407453686122,81.14141598518786,392.08868710289966,11
227,27.15191707168414,80.78626796653322,26.7018477247092,80.6739065260252,245.92898808311946,8
228,26.76337547552673,80.69743494569104,26.900899514479498,80.75507535559639,356.3862112395031,12
229,27.09767119196867,81.20846390653108,26.699149331164772,80.57584874882656,286.4726364510228,9
230,26.92286287941817,80.79472048454683,26.70094580470968,80.66010013941869,175.97445458302437,14
231,27.032523573372906,81.14375142664898,26.997939443150177,80.87384169096175,380.6953095509029,13
232,26.836766852380478,80.66556731624158,26.532255700105498,80.93758193182887,322.5858549395288,14
233,26.886525602699663,80.65343538689805,27.104939646778632,80.67665366619967,243.44863278143657,9
234,26.82998685485864,80.52241653967685,27.071016795842095,80.54156715464208,464.5356760314523,5
235,26.63081280182469,80.96920011427063,26.947429137761695,80.78154366577172,108.37364713069331,13
236,26.98404291722521,80.76533896748111,26.89745845197195,80.66862642706695,226.3092604997984,9
237,26.688117482835374,81.12233793988453,27.09784267375357,80.65807882472545,122.75255911105862,10
238,26.516291697509075,80.84071113281792,26.62417122028424,81.19110121795369,406.6109264886509,8
239,26.932466438257805,81.1970992680986,26.552909338667856,80.94373634986653,380.84298164551706,10
240,26.618664155202723,80.63357837130624,26.66047181383939,80.90095247908391,232.54088749452683,12
241,27.130107251516453,81.12540868092803,27.03236744672913,80.7993580745368,370.2651608828292,7
242,27.139132146591734,81.05914973401005,26.523229078706745,80.8088399200697,258.37489047837994,9
243,27.112959141447703,81.05506372814372,26.89048057950594,80.88945160276342,402.5015165689737,6
244,26.748006329171147,81.10824392424416,27.16694313584818,81.001429461066,281.67346509468246,6
245,26.51035593307434,81.04793727347896,27.073316382871152,81.00554518925091,264.91189113266626,11
246,27.12197343693378,80.95087863157462,26.849368611659205,80.62361961354793,473.8919661953204,14
247,26.7868833793726,80.59449631193132,26.54263940922205,80.86008118149518,200.3516399562801,14
248,27.14765872875926,80.5234188492337,27.057020254638427,80.79660982842455,148.17893599862617,14
249,27.1456253846498,81.1630104504273,26.901315600478732,81.12677941571395,333.81724530378324,10
250,27.071516335163132,80.94398822645493,26.57700510802991,80.95462162327723,487.72872491367156,8
251,26.697280757686624,81.07350684950285,26.562884380831647,80.8834029278195,251.13568549087466,9
252,26.75801547816329,80.84669609308904,27.109449969022517,80.58308414236882,124.81470545151261,5
253,27.070261569916294,80.58446189605293,26.948364176168514,80.93605928031286,235.72210692382697,11
254,26.712337743454707,80.59013377038583,27.055622155542228,80.58438681208976,302.37266172782336,12
255,26.61356014027968,80.99360700680487,27.088915863189122,80.74278873440734,164.7692026528855,13
256,26.873056845847096,80.80982024432761,26.883087475872376,80.60284621466631,363.2408872225968,12
257,27.127223698687725,80.64437780322424,26.846689055675878,80.99829302585755,499.09975560408026,9
258,26.96633996377223,80.85394807365384,26.788386364915063,80.64850152196203,280.6957903925775,7
259,26.881940983959876,80.5462304346941,26.71235421382005,80.78213874869537,241.89142269208506,14
260,26.565108250826416,80.91901940937836,26.791179293775336,81.14488583988552,260.28166673378666,13
261,26.912054841888445,80.69367525119327,27.018499369339207,80.64710779604725,146.05847135808045,10
262,27.16333607956986,81.07424255245877,26.903288698780138,80.86561964605032,453.3094405704895,9
263,26.59385629020847,80.72346061042498,27.09799060426975,80.80187559603954,265.9302622085408,7
264,26.847280867083704,80.8277585073389,26.797064609634056,80.51304930955293,254.90976456993653,10
265,27.087839958191733,80.50836678873384,26.906750017741565,81.07078584177242,363.87610917218973,7
266,26.99631497389532,80.55216175921208,26.922976060571635,80.54971305254651,276.8133683724494,14
267,26.96700054646683,80.78259536061282,26.89643709874524,80.84146361510341,359.2933875231384,10
268,26.970664336271366,80.84555596099632,26.9707646279673,80.90368837235604,124.578516052315,8
269,26.740859071317235,80.9320147946459,26.65908042381112,80.9524670487625,425.48933748889095,6
270,26.69670653565721,80.7099970566707,26.84328373095568,80.99581477310167,476.20158115176105,12
271,27.042271974170607,81.0003869580111,26.569830617881593,80.68235611613636,359.5061544637544,8
272,27.042775974435052,81.11928812597623,26.757622589522025,80.50718471919409,481.8263715435243,13
273,27.08093845344867,81.06149271200321,26.82673693597625,81.02087943689554,160.57292574798532,11
274,27.111871170212837,80.52852555425082,26.936990253895466,80.88567275153025,290.96647579214147,6
275,26.84259940723683,80.84596500202564,27.13685580523276,81.10200474630922,340.7226935781789,8
276,26.836015917440424,80.57554972846108,26.9024362145874,81.0913996212885,332.69465896847464,9
277,27.03485776990774,80.67427241142101,26.998207923838297,81.10719484080728,260.5847116356173,7
278,26.935475833621105,81.21039706715234,26.839198259861785,80.84926815518527,235.23376374650456,13
279,26.97031780776266,80.6025967908891,26.924849701022143,80.74021244500254,150.72960902016752,9
280,27.033181088522188,80.85919947048498,26.54752458480963,81.06992190586578,256.6969802249113,6
281,27.09630357901777,80.94507212870904,26.67044235916404,80.82493176138107,165.06432604219407,7
282,26.72645675509053,81.00577477879176,26.742441572447444,80.63207838141047,393.74627059688737,13
283,26.751640578268763,80.90294705211058,26.816570547854365,81.11558129408427,183.532374197836,11
284,26.562967899693383,80.5070350101418,26.530584659486596,81.13544311127609,123.42612211381353,6
285,26.887447694467436,80.73505214193567,26.593816145360723,80.83574302442092,320.94645512689374,13
286,26.524081323443816,80.87275238323699,26.685465586220175,80.55450380366305,338.09189308776064,8
287,26.81195067214875,80.56326387938428,27.150926902903706,80.7792347847402,448.7652245122022,13
288,26.863571905254076,80.75245139047061,26.722002494759046,81.07854711481308,330.79264496707276,6
289,26.69198263892595,80.52390623832979,26.822967508935097,81.14927730055328,238.1923414893783,14
290,26.895858284581237,80.55657651795161,26.631385467534724,80.64650037459828,421.2047526105282,8
291,26.520435167459162,80.78578475886515,26.909222647620766,80.5482210006582,316.1115572749684,9
292,26.525023286461973,80.595555342911,26.688057754395704,81.13169232625565,131.7121138524767,6
293,27.051142375641973,80.90862941074832,26.638685027553745,80.7803715560648,326.3402241252987,14
294,26.741327729745546,80.99641477777882,26.846103661058805,80.89006789427265,463.20741816866496,5
295,26.58513054347676,81.07642242335854,26.503688885437484,81.19700738467654,258.5250501992882,11
296,26.84990298423672,80.64410817585626,26.505134901874982,80.54792660409824,218.53032075992002,14
297,27.015895680576072,80.62058745922653,26.646776102098244,80.96678896536551,157.38778280720803,5
298,26.644600088422884,80.57528884504077,26.52460331287555,80.5533559042539,160.57820877414292,12
299,26.917336618798732,80.95822977967141,26.572377255267565,80.77033762849588,273.1085937367276,7
300,26.557182801545824,81.00866252307057,26.727036635056965,81.07874647253928,338.2719296646118,14
301,26.534626753182966,80.52274202427446,27.037732405318476,80.81210000758405,132.24616206784071,10
302,26.85600760315066,81.17407281729545,26.883272591057434,81.21797129481013,475.8274356100663,11
303,26.86222553147877,80.53741932422906,26.8434873763908,80.90252268516156,402.05344697807834,14
304,26.9270780340038,80.88973336141677,26.696637511549444,80.73123674989789,334.64956731346507,5
305,26.986481193594184,81.01052357400467,27.124274992019988,80.65848015465143,431.3754683755963,10
306,27.1538208932399,81.12709776909718,26.76600007762892,80.75237478468604,132.0747027248453,11
307,26.845921233361803,81.01414259113535,26.558352153753166,80.76822395710687,290.7355510932498,10
308,26.716380836870634,81.07724421981025,26.913434565798926,80.54947384796125,352.03725074466536,8
309,27.032774750495033,80.74440413863081,26.576271723629322,80.76609342358728,431.4611624473157,5
310,26.68145760834559,81.08667408189748,26.731299505677136,80.83425173421224,413.38782401970707,13
311,26.794110851872777,80.55768268939697,26.839965998940933,81.02037118161194,210.82769988535983,8
312,26.552565775499318,81.14426799236358,27.08572909153907,80.97284522899956,476.3520678236817,11
313,26.516984998088358,80.89426651083069,26.83067620882788,81.01031127176499,149.73833657234815,11
314,27.14497443783421,81.08845439437299,26.970513373241218,80.50602185095134,450.0534474484609,6
315,27.06010668074318,80.82566916485318,27.165187282129377,80.65672052769798,488.3760998418474,5
316,26.96630271808278,80.9633759405415,26.58809771033165,80.9764126876479,170.86140928905024,12
317,26.77399847275756,80.87900991587401,26.684070122098078,80.84847234508942,388.82642568151414,12
318,26.616107194447466,81.02674445566385,26.764365970650424,80.50382570248121,116.11420751119938,11
319,26.60481281858963,80.55877358706202,26.782624879621018,81.07923614255091,262.169130055662,12
320,26.66766274177028,80.5434535004732,26.775384120427915,81.05642289276904,306.5133196790696,7
321,26.8679818653531,80.6779143284873,27.108099371712893,80.89486179735536,332.2580903638536,6
322,26.978779268209042,80.61487216968149,26.978401871792794,80.54785359455892,474.3748992994238,11
323,26.94233224240088,81.12768416794638,26.90729649344077,81.05189083566346,368.90027491767785,12
324,26.68755571095378,80.65783407089779,26.707279720968064,80.92027378316658,292.5111804876948,5
325,27.13975973804434,81.20262298418977,27.05193955742827,81.06301118355373,423.87001450635574,14
326,26.994390934186168,80.7425649700752,27.139890542694943,81.041257834525,480.21312838176357,13
327,26.87141721518264,80.63112489929587,27.050202849308654,81.07816149180964,108.82645947291634,8
328,26.909852899977018,81.06858292514258,26.501048620478286,80.87296580781133,493.0085089024155,8
329,26.78113204182662,80.97426959836064,26.926388918022884,80.60103365309934,134.45285562547213,7
330,26.665979762965776,80.85870091584626,26.534260705566208,80.98323338083337,425.75471170750455,10
331,26.738501694696346,80.8998617566751,26.672596837623594,80.94674112523742,212.133901020565,5
332,27.007756894011127,81.01782528035604,26.53988154923301,81.03442229478334,152.87186310154868,10
333,26.509643637381938,80.66448741375854,26.904542953476092,80.62231432435652,275.942255885534,6
334,26.577768669139633,81.21736041956085,26.960015242040047,80.6403821439282,357.5826317790454,13
335,26.530821770154574,81.20185107674568,26.576706717504155,81.14109485239791,252.38073800939,6
336,26.52728829755371,80.96823449416979,26.757172051640136,81.03998401488549,121.82616331307958,11
337,27.073158591287378,80.64367056466898,26.805678461000213,81.15392451186423,339.78445586348664,5
338,26.971450765784617,80.98976433455053,26.747265524579813,81.04627503123803,460.9613104442699,11
339,26.81769646548851,80.55198285446501,26.58108675032508,80.92995182031302,253.28614637890067,9
340,26.565548887636172,80.52206980158817,26.780695019425607,80.97097557066007,186.5331110523308,12
341,26.82938263632828,80.68553167972807,27.003289292031642,81.1401721052368,277.03093837312616,8
342,26.81722608642298,80.8330885288523,26.54757513523728,80.91674086324859,119.34508441951235,14
343,26.61604525283971,81.12515620389404,26.553720609434876,80.95532175351644,428.19503379210994,11
344,26.790680604989443,81.02356173023175,26.73769676553011,80.61266323552259,430.5363243800747,10
345,26.76699817204624,81.03474869526399,27.130956226784683,80.8412232784836,335.2001853718514,9
346,26.912619565694985,80.80635520080261,26.947943673304355,81.01580592060984,241.2411555753558,8
347,26.925512746081324,80.74907319463381,26.95470887097062,80.69507874278779,419.9133457783133,11
348,26.53035368654727,80.7671479093489,26.74248639386137,80.64562300997767,321.8748099153469,9
349,26.750990451799737,81.21110768588996,26.897752730109723,80.72595530192157,430.3729234200065,9
350,26.91932614352854,80.52887861781699,26.506787893298586,80.67388045215483,352.58351703320824,5
351,26.837101293248658,81.12426267720816,26.926184351094395,80.6547370986662,413.7621892851189,6
352,27.073848193596177,80.91664629417212,27.11190225487608,80.80589260686502,339.42519728710397,9
353,26.941324733184693,80.8158031018165,26.91042422379103,81.15364372999615,265.6564272862665,7
354,26.609166066144557,81.0221855154989,27.085378057622453,80.86508294565188,483.17834397045505,6
355,26.547281060758287,80.85040163782578,26.985061947162283,80.63530267418703,316.4455299515379,8
356,26.930420916398234,81.1288647314188,26.580774138990474,80.55541960195423,342.03580741621533,8
357,26.517762578062886,81.1485053420881,27.104643715881515,81.0012324244993,188.1950557658997,8
358,26.89246963945322,80.80363906734888,26.54451737571837,80.7756151103942,350.26031577091055,8
359,27.129954261754722,80.69931601400924,26.857758206607002,81.09171828154146,328.64305979317754,7
360,26.88556769917684,80.92649223658722,26.595231872941618,80.97484775342136,173.93535917880996,11
361,26.76007385055837,81.15690160884401,26.507843429189705,81.07329384438978,123.83483894125749,13
362,26.93100310635638,80.65167677608407,26.78276295428552,80.69580114838128,341.74372788590847,9
363,26.807029436629318,80.94853594016571,26.697677274128285,80.99849842417196,405.47690774012824,8
364,26.865563248841678,80.95472335846661,26.825620330844394,80.69012462897948,309.3605483688033,6
365,27.130781421880272,81.02784137613901,26.88672392411215,81.17612930520421,190.7090501278583,6
366,26.758688767326518,80.59472873329163,26.529305178446993,80.95818948270403,366.60879067721396,9
367,27.143997677762023,81.0153939745711,26.58241220773291,80.73364849612625,132.0422906438409,11
368,27.106584930110564,81.15450341487926,26.874290405621785,80.69404854085043,276.73348192078186,14
369,26.63118006030883,80.62937183838658,26.72992212662568,80.63746714125158,165.34670335936806,14
370,26.54647207158636,80.6710311939452,26.98854623665813,81.00014149040348,173.78362042395335,13
371,26.567521260922877,81.19940446770998,26.9370354045566,80.65747524135851,180.91757966328146,11
372,26.512208623186538,80.63030340595083,27.06655492320324,80.92861835146779,254.68282281759116,9
373,26.56327678370647,81.1151572672261,26.96397019386838,80.69053721938626,120.46008224815905,14
374,26.95761453818896,80.85444005664259,26.7880538218514,80.97661764025159,259.11737637163924,14
375,26.547696394468353,80.67800637357028,26.95088763700427,81.0867566045492,304.68297884588037,14
376,26.71371367229682,81.1269399289162,26.68450538675113,81.06017817506415,293.31771398653007,10
377,27.066066458349535,80.82061978360191,26.705230044181402,81.04781295827016,253.1136401612162,7
378,26.515592196943004,80.87066849482937,27.028620057146934,80.63516013209842,435.658643228301,9
379,27.04569388333459,80.75864802596783,26.79910107598906,80.56363716182885,158.13067696820164,12
380,26.688842699098178,80.92692461303315,27.034914828147297,81.00324315651092,302.27869751254957,5
381,26.57917043450651,80.61773718826122,27.051022990357747,80.76520999393193,124.81656678262172,5
382,26.966813900793984,80.78157870638927,27.074566766233062,80.81128928301041,128.4622715511639,11
383,26.921391707342522,81.19797687208141,27.11414560801361,80.52242734681124,329.54633987083855,9
384,27.087906249063128,80.6858560715448,26.78876009774391,80.68689504347803,326.4073699551284,9
385,26.992497599348603,80.97285039846973,26.713640768275162,80.52424701078961,451.2134051377828,5
386,27.03833222335785,80.73413684624178,26.89007316021806,81.1330137562729,323.1494702640293,13
387,26.688963163622777,81.05690065049436,26.748685523703212,80.67524561191735,483.91640816194007,5
388,26.618884494332416,80.5942290357172,26.902719691756158,80.90128276209256,119.47793935997191,9
389,27.002911883599378,81.19827115245656,26.972742527971363,80.52806511087601,139.20307391229642,14
390,27.040579275309067,80.82672846979622,26.961231362389732,80.98013012174007,117.62634462815257,13
391,27.163638445140453,80.66995633360945,26.750950434303483,80.73257968894295,174.11074013341602,8
392,26.776453843530657,80.5529176580776,26.611796335138166,81.14650181460952,316.50804437667125,12
393,26.749252117481166,80.62222569166303,26.78845465676968,81.1394450960325,358.2288725709712,10
394,27.02019668369714,80.87423724296033,26.59553807653488,80.73420924522046,118.23406317946751,7
395,26.72833837196952,80.74264228703052,27.096365013573152,81.14869184489713,478.3883559382397,8
396,27.12360740815439,81.09679602343547,26.731737898694366,81.21723352491912,436.8661506601524,6
397,27.075136543734818,80.8102390170365,26.603488030639628,81.09429927816925,218.64499286283726,5
398,26.787425998341263,80.6790742762631,26.51704999913685,81.10830737038377,130.87501209058718,12
399,27.003083615420305,80.9443443903549,26.932700998811946,80.67928628999854,167.9548292876229,5
400,27.005543725636738,81.00887959615753,26.92672455269468,80.91522572717759,150.77776550198905,5
401,26.569092992120076,80.62027017368868,26.728204791609468,80.5484242580565,149.31351171957874,8
402,27.104710447475313,80.62068583572758,26.548046965527927,80.56834091451161,307.4246754662936,14
403,26.838519089540064,80.52640342739215,26.774451359579807,81.21920268066397,198.33897699736013,14
404,27.05372650229219,81.03020945084727,26.708515721692475,80.73518025958666,243.2558866116578,10
405,26.71443323269051,80.9779392598877,26.953670828622457,81.03869241667518,495.802133353729,13
406,27.100000563092458,80.84173423053987,26.905872097133305,81.0807988381793,373.7256995701379,5
407,26.76076512475189,81.10780272325782,26.74427779789235,81.1177767551252,479.59226681880057,11
408,26.5072612264918,81.08008251012404,26.645988011350845,81.21829237412955,157.02262201324623,14
409,27.10660592420091,80.92145514236566,27.161984097324247,80.67387746938495,252.85578993302772,9
410,26.56116207344671,81.12515532196954,26.804181086201396,80.52905259533898,321.8927213129417,12
411,26.713940137185578,80.64820567122648,26.96114373797276,80.7960578929561,130.7032247554952,11
412,27.13654151792404,80.58058212596636,26.594170488277502,80.59365808227685,101.67497745118314,8
413,27.136906788448165,80.69421972029224,26.8253450987718,80.51614664019668,368.173733518767,8
414,26.884203385042603,80.5411025363843,26.518449602312543,80.75950731554187,356.7278067205741,10
415,26.923330932153767,80.88244206016074,26.838654929000004,81.06429154077416,264.3155239998447,10
416,26.800458499725476,81.17435609845238,27.14589166276886,80.90765009768205,295.857630412813,13
417,26.696451217037705,80.52832734928133,26.75741849770049,80.72520015223145,266.1772002368358,9
418,26.720205245397842,80.58791913808722,26.52612732842519,80.97112624395476,109.60201793795554,12
419,26.950587365571618,80.82558330036407,26.52074037991596,80.66705308982235,234.14864248698498,9
420,27.004090934723248,81.17239001262008,26.759951129164403,80.5103546411719,170.83290215891594,6
421,27.03035795929632,80.72763239558326,26.60721670743034,81.05033443823423,139.36967564054748,10
422,27.029044155672352,80.86520906225564,26.515645904539884,80.94909502110208,482.6881735557399,13
423,26.561108089042623,80.52993245851629,27.00666312134662,81.04885788964069,339.74389001686626,7
424,26.83126160415073,80.6068071046927,26.807210415950866,80.52803537201513,391.4625136946411,5
425,26.53856436921115,81.21037368853037,26.69379399722168,81.10272613203807,226.145497306447,5
426,26.868184351156902,81.19488546143396,27.103055732621044,80.94605886402614,257.2588517976061,7
427,26.795825435920165,80.50355678627278,26.577813103334353,80.9056446525131,194.76959755868938,14
428,27.094761802448062,81.18530448550473,27.140465615400064,80.94972211464246,138.7862683861699,9
429,26.735113058409894,80.96016635522716,26.710357700642827,81.12239193774522,171.6126549766335,7
430,26.578434901006496,81.12490117205442,27.095230460446817,80.92259428472241,419.0056181185943,13
431,26.595804426975402,80.82741269605638,26.90397172724124,80.91828427351949,371.0183220735103,12
432,27.010212123250707,80.87122914057706,27.0538939310268,81.21328899308735,318.77155039419074,7
433,26.914206102421897,80.85196953778498,27.159288819351012,81.04484572028937,290.03594914670725,13
434,26.56775219300227,80.98014226543319,26.69323164333856,80.81845153992482,468.9737134624498,10
435,26.55635156009705,80.60054890342454,27.14396077522309,81.0093258400237,129.09397911146738,11
436,26.96964931807761,80.52158098470832,26.76095286958462,80.78024593961808,212.24032529516637,8
437,26.54875121426401,80.72170955794566,26.75829297617374,80.66479033298812,239.9751414282856,8
438,27.05064623972454,81.00737014917038,26.72805935985052,80.92973335135919,412.97032488511513,6
439,26.973182292194853,80.64533448552852,26.862743096922884,81.16829111064204,497.00584806478855,9
440,26.554503683030074,80.98487135199395,26.603277178929588,81.16898045441113,196.2682059028612,12
441,26.55684126843708,81.19833667319723,26.870986695189867,80.74617180023596,449.7229336548322,11
442,27.161048517595788,80.56760851536838,26.862942224314704,80.87992777567962,432.2491041727165,11
443,26.7507614331566,80.98427352512209,27.010474214445264,80.6523778469703,189.86295905670664,10
444,26.748330238534816,80.81950015789928,27.058545474498185,81.21685439883919,259.733032079689,7
445,27.044575710062528,81.1250624231518,26.795095704709325,81.20640489366491,263.86914771700765,9
446,27.134656546847186,80.62754784840212,26.7025632770655,80.96764642938936,491.28826741062335,5
447,27.160620712761325,80.99869068560284,26.673754381202453,81.07917812296778,172.35676055155932,11
448,27.004763384123493,81.10344300854663,26.630397970592263,81.01487211612427,419.66318844191284,13
449,26.752093922305715,81.1801222380213,26.538623880073345,80.92707391770841,233.67708566924398,5
450,26.555945480188107,80.99193858036854,26.729440145819257,80.53841055783201,392.34813831046415,6
451,27.020688433671385,80.85796583008607,26.681065953727625,80.82743032663791,268.00440171826517,7
452,26.87413084732299,80.94485001294487,27.147499648530495,80.98584613756053,331.34390524661603,7
453,26.784228746195474,81.12561158882468,26.87366491358753,80.98782276199626,433.04470933045246,12
454,27.107257438013473,80.91083901757996,26.73267561615044,80.76864828526412,421.66622599355367,11
455,26.57450231314512,80.52187868298172,26.888913292665777,81.17801823039377,446.56927341588005,10
456,26.830058819874875,81.17028306076503,26.593261789901618,80.62049706321048,123.84693013786361,14
457,26.507606941994172,80.99645926074272,26.797509311965477,80.86025880127521,376.82022121589796,14
458,26.814002630136066,80.98708963775961,26.919576995352113,80.99743646311659,155.99495068870516,8
459,26.53772319470683,80.65528610972636,26.82756154730094,81.0019377802421,266.3274272073644,13
460,26.579608003899608,80.97439753856752,26.7691917964384,80.96702004887355,319.4353660218754,5
461,26.57874258534066,80.783582372071,27.165878420562798,80.69820751368533,261.09579389873227,6
462,26.934970902417763,80.96888774346988,27.089810890639782,80.61246872945436,307.844670321203,8
463,26.999850069107836,80.57674698182176,26.917681991966827,80.95787703531524,498.61052351944767,7
464,26.8908570726151,80.97364861931419,26.88148283199213,80.9314975236204,154.08692548514188,5
465,27.144655607477944,81.21957788255487,26.91584252148247,80.62913632740825,370.18241813457024,9
466,26.751163288280882,80.5347126679796,26.63487911224103,81.0077001848108,258.4003865542461,11
467,26.691427097808848,81.20356541263935,26.764742287987094,80.82772383404823,153.2039195629315,6
468,27.08196141588694,80.79297373172047,26.526437887036902,80.98078762595426,163.4947053497238,9
469,26.649809211808034,81.12694248424283,26.818615845116174,81.1029042974345,479.70924249824674,10
470,27.14535910142521,81.06331754852195,26.863826471251635,80.62220446857539,451.8405986847048,11
471,26.508143498042177,80.9082517079104,26.65259232318915,80.51378430495772,462.81678416600874,5
472,27.149818813894118,81.03168343066095,27.145899327600898,81.06095386220497,496.6131103309546,11
473,26.528917141006886,81.13253120413697,27.109334589327954,80.93898214610988,183.32615600340716,8
474,27.09706588617771,80.79098103158874,26.983835967755457,81.00374049012792,242.1757349456247,12
475,26.85355974308782,80.73546387632553,26.857369041272793,81.10347158199183,367.68761196994666,8
476,27.165286413399933,80.98066723760579,27.082879336963952,81.07802387307363,293.5210159442589,10
477,26.549443698372716,81.0816490781977,26.58753707036172,81.19186250578875,267.3558133513334,13
478,26.871082370548887,81.04884529703916,27.029641562164173,80.88587325677352,243.12449973423722,9
479,27.149432698864796,81.07442582717822,26.58362994535779,80.85171685551514,337.5122527773809,8
480,26.850475555594002,80.81361998666532,27.032121143908103,80.78935878392133,330.2373714560328,12
481,26.921697087550626,81.08884063564601,26.684764270728408,80.61065755084783,164.58313362569604,13
482,26.966151621619694,80.58655051986683,27.08765068928219,80.91227720767506,288.6959350073756,8
483,26.80454251339441,80.8920321505318,27.13250820286302,80.69944901751471,321.3887104839399,7
484,26.920463913656324,80.50414623555865,26.59969329950143,81.16334140879334,328.1147754925562,12
485,26.89149058898848,80.7337017975282,26.809992655393813,80.91989737907952,184.0428771649407,9
486,27.103775867028965,80.7638523051074,27.157261543369,80.92684492996584,396.90855690091473,6
487,26.530449074828777,80.78524433795866,26.82388298210201,80.75554575583145,110.07963792842786,14
488,26.688245337026796,81.0007363888167,27.078576840084747,80.53743233342395,241.93274221726506,13
489,27.136775694331295,80.77976183291464,26.894450119827987,80.52285551106856,412.0850594142534,7
490,27.096476735206917,80.82305940828822,26.751471038306136,80.8048013037903,325.55716842216094,6
491,26.80529002436643,80.67103177422952,26.691474982202333,80.56088707223002,204.4649730043441,5
492,26.91548884052703,80.76874128997312,26.63615947102768,80.9369298079889,377.98124773721906,12
493,26.685845392597358,80.66363413162946,27.01040478822306,81.13430056406055,326.95637766242936,7
494,26.62604117701492,80.55270106511328,26.75898213957143,81.13569866789348,418.49744378255485,11
495,26.81067793130979,80.93448298723459,26.842554559674504,80.9745126952952,394.01007447592934,5
496,26.736745992777458,80.9811132149596,26.829858071600793,80.65208691866052,344.04316881449387,5
497,26.891049594940085,80.94603304912692,26.8867769495862,81.12135771857838,295.2710701243256,13
498,26.55208220676654,80.83371571153641,27.079936687568452,81.13798727342551,153.27285026700935,12
499,27.152844521136334,80.77344576172905,27.1570953602009,80.64159058116613,204.5332071541535,7
500,27.160761198801335,81.12160022769172,26.773081419744457,81.03094678175489,267.63978916683413,10
501,26.967768348393232,80.87373888529808,27.054437677811226,80.70629407522753,339.7197148025555,7
502,26.859184565450562,80.8450109518934,27.012233622418663,81.0779010248941,305.4831420861219,8
503,26.70738350291184,80.51846228738063,26.884264397475235,81.2180112879306,215.2738103838118,5
504,27.045242663203656,80.74569843589083,27.140551586219996,80.52161872383716,102.58574311588421,9
505,26.9587698856111,80.77374084552582,26.63431792540403,81.14610342336947,298.4956887603256,5
506,26.608953349361077,80.78715240224577,26.573207020907446,80.94829398419104,214.25039542489725,5
507,27.110321213610877,80.91772410584367,27.072154517860135,81.20083548579866,393.84332028421403,14
508,27.051099952758523,80.88419383364335,26.79423037714461,80.83480685261902,109.5785061081934,11
509,27.13636594190559,80.93769166681128,27.06746913231873,81.11011931001138,333.93112452231634,10
510,26.986232070620204,81.05071594831033,27.09837043748093,80.54492372939076,476.58969500242614,6
511,26.91098818127698,81.08534973187558,26.541846587724777,80.74140091605638,169.76370684459982,6
512,26.780222834314717,81.01704861488308,27.09192139120066,80.54825190718087,288.65979630023816,11
513,27.12492808384719,81.18797706108755,26.800373767097515,81.20224705610492,136.56879672685528,5
514,27.080262805965276,80.51312745952698,26.841989767632835,81.08822121323573,350.2727649045411,6
515,26.530296508971148,80.64096014969215,26.91981698243245,81.1138341432971,320.2126722384902,12
516,26.51766587291316,80.50544526998426,27.12067634650916,81.1753349666324,262.94620968513294,10
517,26.752230455808295,80.96618179419131,26.51280778326794,80.56127451000624,308.55080858949646,6
518,27.04307073162383,81.14658199524399,26.81948512377294,80.7776302666096,458.6298633876041,11
519,27.161475006641016,80.67530725353494,26.960773768428478,80.55114512011168,178.5177209244268,8
520,26.600779317039365,81.16746487225333,26.984213661657815,80.65177103311602,109.0258046821389,6
521,26.898067579285932,80.54339252100849,26.963996729129864,80.66514335946712,444.66595387964037,10
522,26.755196873942786,81.17279393929996,26.59007153670344,80.83775719195425,330.8468329551626,13
523,27.149842646535784,80.75316833481254,26.700595044209027,80.69336476056662,456.26338218473694,13
524,27.064219678500926,80.57302299648343,26.7403394020294,80.57270423690879,338.778089365269,12
525,27.061680232156462,80.84982766661416,27.03897292914527,80.62059358414776,424.06443598388097,7
526,26.81402441706263,80.68487912875877,26.68676911451775,80.6060384057575,271.8693453420592,7
527,26.777929066566237,80.70510848941258,26.641172325791025,81.20061529449686,399.9439725153075,6
528,26.683182738193572,80.72124877474693,27.141490172755525,81.0466906049813,465.2165867559424,9
529,26.537771582756122,81.07817864643951,26.505938401026025,81.19678825499409,328.84918548888254,8
530,27.079363992090887,80.88819611920619,27.168539973306927,80.81661315028569,172.31406022495182,11
531,27.044643676117154,80.72414154339232,26.953470270234455,80.70042530679711,207.5190460120793,8
532,27.169810841101707,80.93944032398386,27.05507443063091,81.07477110199062,179.4578307589623,13
533,27.167746680839517,81.0156284854407,26.69739499555195,80.73490282098963,198.74281103829315,6
534,26.87213924275376,80.69628928052815,26.50959123603693,80.71555602906786,222.56617974041455,10
535,27.015221568170944,80.79775535309825,26.994372577436227,80.66740431438964,322.0535147012754,11
536,27.13299303902123,80.58775798720261,27.058876879990454,80.59336886432145,335.1966517855331,8
537,27.069263751753866,80.63042753166496,26.996119008408858,80.68465340393207,270.59989889674443,10
538,26.66572322816794,80.99040485485479,26.59570969249156,80.7558302189012,346.16831192833416,11
539,26.801864570657763,80.63063561034085,27.00479670791217,80.98527582986493,132.62997024454637,8
540,26.5865368081515,80.87811763624028,27.01517826401212,80.54504668639801,135.11529482326398,12
541,27.139214188263345,81.01051330844015,26.941222145498937,80.65156499655905,168.73178414306338,13
542,26.90613700508209,80.57695138462822,27.013297674973042,81.08249702101,307.2309992161379,5
543,26.65319067968732,80.90846479813281,27.06676736458408,80.60578378498032,185.59787147932542,11
544,26.950039458551924,80.68472520426498,26.9111147565391,80.74670450549621,213.31376139703093,13
545,26.91414592110679,81.19330735017105,26.559365158359686,81.12255442373785,260.12513446919763,14
546,26.739969021082004,80.84815286563834,26.82671063247703,80.61154622402327,424.7464496041519,9
547,26.576083586773752,81.0803146358381,26.552025054229976,80.5595705216451,105.54485436514405,6
548,26.949954041047178,80.8961631103525,26.773053830791728,80.8488673564576,359.75152809464896,14
549,26.84860615960554,80.53125702365547,26.77276134771417,80.71774204812054,367.55061241627413,10
550,27.01745332246288,80.95586899042769,26.544226595573964,80.90565402242838,419.46231214265464,11
551,26.848509545745035,81.1850104063888,26.733709757759552,81.0787395211481,473.1011756241253,6
552,27.070961605213423,80.93316051050536,26.57436872619018,80.59874691146997,108.05513957971593,6
553,26.869777581978905,81.08981597878729,27.04151759070618,80.91810334087909,161.51348220528646,14
554,26.87582844092871,81.13662865361086,27.134950977396198,80.8639663074807,454.4685176223972,14
555,27.087357913781094,80.66421743580324,26.54845203842282,80.60373672592951,283.4074248748061,5
556,26.770333520362307,80.65267228473392,27.13992718888544,80.94927890958087,325.8362555733854,8
557,26.58979020306193,80.93990631197272,26.85012632155562,80.69702110085976,365.21088148925895,11
558,26.519284393129936,80.79594049826083,26.700709004229097,80.85124070935169,371.626641798255,13
559,27.005941961301325,81.10470013806403,26.55149759043503,80.55923607347948,472.69616132660326,7
560,26.915607399406824,81.14801664884656,26.83541825960718,80.83090052119381,498.7797669646679,11
561,26.97173344462648,80.75446339309795,27.032325414808803,80.72065369699084,388.0629843723761,11
562,26.64268598821097,80.67054680246163,26.97374793976869,81.09211447205345,214.88848368206033,11
563,26.591368888643135,81.06197837097558,26.533651427680862,80.54102468343811,451.90096091773745,6
564,26.50974492599748,80.69786034559466,26.548844229696495,80.8013972379412,119.68836581630464,10
565,26.73489366440042,81.09228230932985,26.769925099363867,80.83007062537463,192.43234114979848,6
566,26.895244850192604,80.80509154262711,26.697844631012124,81.02200437493536,458.95428698548596,10
567,26.76280351021682,80.98063592748986,26.65569749644755,80.91348705406494,202.47660577574197,14
568,26.7931081977559,80.56878542596097,26.688273014268837,80.98039288277981,188.2604238486994,7
569,27.105786325310813,80.94917871376713,27.038333438008912,81.05947548566927,155.2501172560989,6
570,26.73333116290561,80.8252727286908,27.122582795933344,81.12078614103389,443.6447030587666,10
571,26.844372957737075,80.92235809348634,26.77141880533347,80.72599035764019,300.0233036764347,6
572,27.025047518536567,80.6209702295763,27.107094371428776,80.88737634786202,369.9572812216619,9
573,26.76568366415525,81.0305490963598,26.71540211983608,81.10487781647622,195.62655363001187,6
574,26.916798089152675,81.12121389583112,26.819212780850343,81.21240481429484,403.2161684044866,7
575,27.07778368486032,80.65605265606536,26.65143942853672,81.14045390395151,404.0022179848394,7
576,27.13617881785062,80.56891447997451,26.929118948257816,80.76745642908955,225.03920996332005,10
577,26.598539232222457,80.51701978195337,27.155917347167122,80.64051989239742,264.2730532041131,10
578,27.120813708858204,80.96221948031915,26.904340374349065,80.85236262693275,183.87611097208034,14
579,26.82971791636329,80.93710770598392,26.739735436356078,81.03398184532195,490.6244093291617,7
580,26.673023740160303,80.89362213715413,26.934037688813657,80.85464973094237,358.24103082336467,7
581,26.807620956679635,80.6670019092035,26.58235685457181,80.84789022158584,473.8175522862062,5
582,27.15662182544127,80.78145231705197,27.095401583777818,81.10352590317889,221.35421745165326,11
583,26.830054122975223,80.92802296133405,26.83706624702249,80.76021072092837,412.7563651987559,12
584,26.72026357889263,80.8576721383786,26.80106432716656,81.11905216586439,406.3434575538968,6
585,26.924378572392207,81.21120557455471,26.892529408263858,80.79289945668523,376.6622607466166,8
586,26.66089756458139,80.59823662184085,26.918605188068902,80.7363278360884,486.25559010672015,14
587,26.550828429832805,81.00050407891426,26.548089790171765,80.82687273606378,257.4221344425262,11
588,26.586349413680136,80.7911095130351,26.95735353821968,81.0489618102459,152.28692943590292,12
589,26.58579071210171,80.80830372274644,26.662094225811405,80.59072146006207,368.6835436976243,5
590,26.60177480465324,81.01667039127389,26.978348263779417,80.64142183542785,391.7239201908825,8
591,26.593014205675104,80.99855402895355,27.051098312237414,81.18504027447743,330.02422938352584,10
592,26.929386079018155,81.21370431546558,27.03865220006019,80.62635397171458,182.7271572533585,7
593,26.62185965654743,80.59244388840698,26.870175648163286,80.90876366891035,301.78237666774214,9
594,26.73159707982699,80.5749589475566,26.848513827848205,80.9171064159966,224.87589462765175,14
595,27.10084823463703,81.0215239483327,26.595726894097407,80.85252961267618,270.9866112666756,13
596,26.817554298976127,80.91643858024462,27.0194819207701,80.96421657897531,358.08743033786556,7
597,26.94726368480909,80.69739567992306,26.6818442848993,80.66547524257429,398.0858970763338,9
598,26.615454313705094,80.55718194567207,26.832785933288026,80.89791683279925,192.88987636053724,12
599,26.62883364260181,80.56167393970944,26.690463642261438,80.76796474377777,262.13014425878134,10
600,26.527381972898542,81.14381742975816,26.589665003209795,80.97640042693301,207.66462839665166,8
601,26.61318649225835,80.6381444737975,26.921803656917465,80.60168095122867,179.45264554474764,12
602,26.686655527151412,80.73282752472318,26.536402463331346,80.91103174012443,413.35488799833536,7
603,26.61859702446542,80.66319260960343,27.001592306864556,80.63339465587599,463.70107777479694,7
604,26.559430697617227,80.75559734019899,26.712783152824947,80.70062300544282,248.0928742738307,8
605,26.580826033637404,80.54998516677719,26.500090244313004,80.65747105623298,400.51156974950675,13
606,26.808721774581926,80.87372304945396,26.842456523288945,80.63164320150555,458.79811574576445,9
607,26.638243591331882,80.5486810457864,26.531390778713494,81.09451188512368,438.4496842120926,12
608,26.744060806902212,81.0762566856321,26.685033603740003,80.70570944871584,173.12535541569036,10
609,26.837289571472756,80.66827269897551,26.97367424659533,81.1675291229424,482.51675260534455,7
610,26.962564535181677,80.88880857851525,26.54200204648665,81.19834709824853,250.670576171785,12
611,26.526339133693536,81.13365694304424,27.062356789878525,80.9113075383547,235.69626446953453,13
612,27.03560496726906,80.96863170571397,26.50255934818125,80.60296080831932,124.97253091111213,12
613,26.92069326095891,80.88372960631696,26.665371992365277,80.7696747352333,294.4694616419532,8
614,26.554778551405743,80.73352030224306,26.99640571762189,81.07436722961071,143.60544625637147,10
615,27.08529767815154,80.7397613774019,26.711901000318637,80.76452132466189,199.4159283709704,5
616,27.116984508356317,80.9820306077427,26.56826790000423,80.56265239717801,226.77704870691255,8
617,26.54092223310276,81.21578034007923,26.741356725596287,80.9008851358683,423.5305293966736,12
618,26.685508024258628,80.97652421669156,26.681163501877634,81.10848701307714,450.1954601583586,5
619,27.040154857461353,80.90160406050641,27.064616974447574,81.07306699874331,220.98652698458787,7
620,27.00133399255705,81.02606836737226,26.709943104782045,80.62608866089386,443.47924849782953,5
621,26.623629082968773,80.83494804084428,27.028584756089927,80.98439052237697,442.89237494791644,13
622,26.640264046635597,80.54330248667256,27.097554337023194,80.65876306967367,405.8603801539494,6
623,26.748216308870226,80.9048537074321,26.790657671116275,80.65710942487756,158.6780456060726,13
624,26.824630400077986,81.18949020484388,27.109661906382446,81.12933167677973,376.1291387602916,8
625,26.914230696925298,80.62621811849752,26.75280309615534,80.67976164597296,478.0096258322275,6
626,26.747172138511747,80.99680352139087,27.145932539048374,80.68953808949297,373.0161915068628,8
627,26.80989825980921,80.64467225583452,26.559823981432135,80.50047044134814,232.64673964313357,14
628,27.00080552854962,80.88579593282061,26.960302908557175,81.12688170457037,300.2317269723325,10
629,26.5245777459367,80.56960704374563,26.830855407106142,81.07066826551058,358.29001734042146,11
630,26.669132752710496,80.82426707410589,26.759724699655283,80.95167683326528,304.22816349140146,7
631,26.97794422254265,81.04443759680457,26.923916958761563,81.04019135003597,147.98117669238792,7
632,27.099788581250426,80.75025149745207,26.971584251395004,80.60947496854564,224.82561786080825,14
633,26.8428238862175,80.9787364416308,26.502923390665707,80.82999298810306,420.958412221453,12
634,26.85651603512776,81.07272397176861,26.611858569460622,80.75287795889112,444.56721843820696,9
635,26.57180524759765,81.16756803002521,26.977740853924995,80.56751909890505,154.9200130862281,8
636,26.799766285771714,80.66894229893593,26.9464782270974,80.85001394935475,480.95470095948986,11
637,26.856853568524865,80.7875074593827,27.147251828436215,81.1629325482467,231.52904713944372,11
638,26.66245523743527,80.6097395295979,27.009895319468026,80.5288425657165,364.925495492288,13
639,26.680392964736086,81.21458812155403,27.137017714179997,80.70985185771553,400.73005838267244,13
640,26.752780389280097,81.16744069690549,26.970702136028322,80.6494294740681,424.7784938551534,9
641,26.513447702511076,80.888769133802,26.69969497978843,80.6714655906393,478.29988089037204,12
642,26.71579304094073,81.10626397195102,26.570594497908075,81.15407287735314,225.16781921152904,14
643,26.641670164687685,80.87508974363587,27.023821988441107,80.8370097190487,443.4025818206218,5
644,26.719423225959204,80.94898169536198,26.931579978388864,80.83573557731667,152.6747613744828,13
645,26.580240628318897,80.56416959112353,26.532284628303508,81.04761446256781,382.0163625414371,12
646,27.09665327809573,81.0437947027577,26.741233812153656,80.61123438688355,396.79109180559436,10
647,26.897706943881214,80.59195370821737,27.141055876374473,80.85083105495204,371.08929648052816,7
648,26.954998553826808,81.09476869378182,26.835268767625834,80.80958935416716,200.9258944540612,7
649,27.02874472986692,81.06306022312268,26.789928521133202,80.92977569719359,449.21725880608136,12
650,26.833956273282467,81.01029618237494,26.80665873545673,81.21968154634031,167.54338534815798,9
651,26.558236593018574,80.52603547397783,26.63995142508346,81.05400320373907,121.45391660833234,14
652,26.859861383018426,80.71825241628063,26.747033804479415,80.78646330617255,386.98599624476486,11
653,26.89318354907399,80.6894410503358,26.747774881511408,81.0958381976373,290.1902860930935,9
654,26.999444447703503,80.7592982133795,26.535077863525608,80.62291002158499,439.63920798347044,12
655,26.789211895973885,80.56310277766997,27.014270311107005,80.52193385414245,253.3588564233036,14
656,26.585478802873027,81.17460963258236,26.7790579693756,80.64720282817427,167.3114354030851,14
657,26.690129856885147,80.8987376133129,27.050860524167007,80.74509632040227,434.5768769879479,8
658,26.743265138587088,80.71997750367377,27.06973316075033,80.86761814537088,319.56385265602864,6
659,26.932764551692173,80.78582669229348,26.642036016648103,80.94289298118966,175.67831695614194,7
660,26.88242146412817,80.82198582916348,26.940426833053987,81.15563611639438,388.1535994345783,12
661,26.738584806351557,80.93242792001965,26.816428808789198,80.86709488687633,304.4454553958002,11
662,27.1609652166913,80.87128918794147,27.089705014407397,80.86091846413052,341.72519289612796,6
663,26.905869128969115,81.16196222071439,26.644546255048226,80.53617496707254,284.35933528263274,10
664,26.658941950463117,80.8578137076922,26.95413484420773,80.52513631791248,431.4835935272026,13
665,26.56819425665567,81.21435377067279,26.907193921909325,80.89683517257978,431.82508627321994,8
666,26.602415623253503,81.11302596957647,26.697851989973127,80.8154886015388,383.7555287297545,13
667,26.66479167801762,80.65012757033728,26.591522605446286,81.10420988438581,142.1605509585849,6
668,26.607656520083903,81.17002855454362,26.936598639519776,80.61568930099253,435.54154476162756,6
669,26.624999906114375,80.58378380647754,26.994860296948662,80.51797959672427,368.4051922131639,13
670,26.691013763024877,81.08856379011365,26.711470320321446,80.82330791290968,378.8096664017198,11
671,26.616160308847487,80.77404877130314,26.93203784469495,80.67098456086163,245.19313616154867,11
672,27.100832834499705,81.13214151072044,26.76473770809971,80.53572234880396,451.7118224628027,5
673,26.5537566095933,81.12500081687736,26.977848611799356,81.02171076653029,390.148640093943,10
674,26.85142263101207,81.08026628808469,26.633474234179015,80.58034695996922,145.03618661167778,11
675,26.774965874083072,81.06882191414108,27.096444051766237,80.9379900400056,263.11121376246507,10
676,27.158193673328768,80.71936898015059,26.69256442963194,80.70235582012016,454.5521447840567,10
677,26.575066064452596,80.5582618837969,26.746416611796622,80.62491715625562,118.8786806789516,6
678,26.766563251360648,80.79014572871091,26.538921607893833,80.7734210965019,484.5666478568198,10
679,27.1495451902945,80.62493765079029,26.574713182255255,81.07704095888053,371.6650273278251,8
680,27.079889774348967,81.00036478400978,26.84562747481726,80.78230737537129,352.5503910573507,13
681,27.047438287536018,80.74919180310721,26.67928709340774,81.04055414743196,208.22370259519656,5
682,26.67279489412011,81.20243934461914,27.059771751247272,80.5903501336954,199.51671549567084,12
683,26.614494683551346,80.96149989568863,26.50984457039882,81.05639542215886,476.8232877954382,9
684,26.94799095734937,81.09218600581674,26.7539930126102,80.67059199393279,219.30898169364912,5
685,27.122681912715485,80.59541776437413,26.726021516335294,80.98772305351999,410.20211868759975,8
686,26.873031138319334,81.12065042723628,26.512949512714794,80.90736271948552,257.24871928283164,5
687,26.882980501944832,81.16438517716965,26.583326827330342,81.16898419639242,155.7016283138816,10
688,26.687585992752393,80.85068458154963,26.777140592195487,80.77887221294223,104.28611907814359,6
689,27.015560265238598,80.9365021151807,26.83021927157979,80.54763893596079,317.7029348061003,9
690,26.62531931153354,81.05066305665015,26.77087413066076,80.51379194959691,490.31152741957305,11
691,26.716865088390843,80.6258838116275,26.855728244536103,81.09533816390038,247.6544775236818,6
692,26.785042413873,80.86184757505367,26.898738222186807,80.87780965911622,242.87693359721794,10
693,26.840098953718584,80.78703737999606,26.50664896015565,81.05817571732116,237.63664713977684,10
694,26.662414520718105,80.60538927435682,26.810943756833847,80.66878643200829,308.2175349219434,9
695,26.576940672575265,80.7646247840499,27.145544491394684,80.74846029676952,276.2659533697174,9
696,26.909115428435896,80.54908406275756,26.847751627686797,80.52167478799215,451.9658506908058,7
697,26.693382470670972,80.51858457300364,26.9539533191975,81.19227447369336,302.20831668939616,14
698,26.88942960835315,80.59731972819148,26.708948784804313,80.98086489282458,303.1031352754275,14
699,26.603423019233716,81.19344288034421,27.018574223362354,81.1719076631867,155.34863788822264,6
700,26.82236386824273,80.89566126584441,27.017857392857,80.69115741334893,493.09581636415436,11
701,26.856834919809565,81.19539195603032,26.849268351928274,80.94025380008247,199.9891563475319,5
702,26.534721769671027,80.8113984723977,27.153929261597074,80.9885199771707,129.34562698384107,10
703,26.72552486638993,80.72450761582138,26.584118643890978,80.72863578418546,365.25849959008355,10
704,26.590057833549114,80.86442214124497,26.51135493547602,81.11063864921125,338.14654806274905,7
705,26.542461230216755,80.8164484158157,27.016006001877255,81.18195625328818,266.0582615970983,6
706,27.163273355701264,80.57607857266845,27.040794210034473,81.13709568474113,268.8768935522712,6
707,26.715977076133065,80.96139494657695,26.580538843510787,81.03212822267635,414.02556841857245,13
708,27.042615878722607,80.6555474914069,26.677940498082265,80.69977456940197,178.28505603985963,9
709,26.67060923869172,80.94610332752643,26.51176008345564,80.70276355031605,428.1013275779559,11
710,26.956606823890034,80.96814478652666,26.696516769222978,81.19361943072114,359.49884555800725,9
711,27.00935266612609,80.60945789425263,27.01800505552551,80.5074048370737,267.58790951180976,11
712,26.899077956207258,80.54417173151968,26.847033553567428,81.01555598073435,283.21144663354744,8
713,26.81595604632861,81.06214834196928,26.733224047422752,81.00849723703979,202.65888287443832,12
714,26.775933412478672,80.8310563051139,26.749065327587243,80.94833646948385,400.8457330787899,14
715,26.733741738583806,80.54187793276394,26.500906929229362,81.21287836918255,305.14989692210713,14
716,27.122784526646043,81.21630374836224,26.700866353468708,80.72455319374988,228.34181709993743,11
717,27.05651500321778,80.54160200391739,26.933127356897415,80.74477974193114,338.4200463043801,14
718,27.146568030146565,81.00042536477815,27.15271027735696,80.55683637012152,498.2937808205292,9
719,26.583279139735314,81.20824882618966,27.067530754079215,80.8188146583115,274.1049118626215,10
720,26.989681208386443,80.67220967503546,26.515808626312506,80.68795493888909,468.27656031144784,9
721,27.128688106070097,80.60241954545478,27.102035605132144,80.7472384255679,238.00673596982645,11
722,26.621426154330994,80.58739715638414,27.02474293691008,81.10089168898405,121.89308276999435,6
723,26.54455249913574,80.71835810624867,27.022852002792558,81.1735488497398,181.69684254737155,9
724,26.99655083502434,80.57275298392767,26.806857158532395,80.63372781184373,267.47805733107367,14
725,26.88489698583054,80.99835616601978,26.766663546279517,80.7682064307185,187.85397143782762,7
726,27.064025280428044,80.54485009465364,26.70295353831824,81.16861400472308,100.09081528730222,13
727,26.593647492339613,80.86678393226785,26.544015555499424,80.54450209169624,466.0006150990109,10
728,27.032829098946127,81.21762173477414,26.65291769354078,80.56649958024019,437.5517644923716,14
729,26.63509030443199,81.08605859404433,26.665224435435277,80.61720951222848,396.91689259477886,7
730,26.609649481720023,80.94295799552633,26.824331636705836,80.92855324057135,167.12583825841145,11
731,26.610058084613765,80.72050260696636,27.000787752419786,80.60834003512431,148.14543048399443,8
732,27.045765062555027,80.94920500212999,26.817452585026626,81.19701499464453,127.04189978895326,7
733,26.945682137866456,80.87946985401639,26.5387557811296,80.82163445962614,389.6116755091685,12
734,26.85045383459531,80.80678003640107,27.1417191666621,80.86109293145212,471.5231842751541,8
735,26.740416424362746,80.59411147125294,27.131625293793057,80.6775942033799,272.2143283652148,5
736,27.087724362344783,81.13835503497313,27.026076993909435,80.83909138175301,147.65626879841926,10
737,26.762938221973165,80.82384494715136,27.16418969404803,80.97657781549864,304.95712829284264,14
738,27.047121624445957,80.64012820851094,26.864803162976177,81.04084753860691,239.53276298345205,5
739,26.794220388742048,80.76478673263165,27.14505479466965,81.04278501955113,249.92996973999908,9
740,26.75255276771469,80.79817342182082,26.55065537721322,80.91608160113974,348.5322496622829,11
741,26.80999545639864,81.09582728480815,26.745006101335118,81.15113903799558,387.48724530488096,10
742,26.701923175689977,81.02820235400421,26.651005449564533,81.0885336500604,144.24143954926433,6
743,27.00089828471809,81.05389952342176,26.631208166369962,81.045074642583,114.23609232259055,8
744,26.83682266136196,80.50794251038863,26.594337975758094,80.54003597560992,497.73212107428594,6
745,26.655582505748367,80.79963087868943,26.917017139849218,80.50495213279815,193.09133956622074,5
746,27.102714964093963,80.84656778917743,27.023485643350696,80.65296203958074,121.53220996338362,7
747,26.757207118320053,80.5138184393126,26.887459927611644,80.97773698761769,175.950131638368,7
748,26.864180416946372,80.68706551029642,26.5984650154241,80.79606219199543,115.58313853938569,11
749,27.10733631434625,81.04740867264793,27.043452925855426,80.7897325066955,256.72435784686866,5
750,26.918239457262377,80.59871898812487,26.9260896537997,81.13690255952532,420.9607137805297,13
751,26.578321687274602,80.88542329464586,26.760071023105088,81.14480525065493,236.49777990308826,10
752,27.12968752282103,80.6549453478524,26.951667298009163,81.15460619011859,277.67336275134664,8
753,26.92056439555785,80.5087269577436,26.674136336092698,80.72599221509081,370.23470942697554,7
754,26.72438676182025,80.67366504947167,26.73127877969112,80.99756018517226,303.5576280279521,7
755,26.59331228868447,81.20262910353524,27.114715514898435,80.69557589051755,444.5782744085297,6
756,27.0319968768111,81.07710672055575,26.694638018799854,80.6372390798136,446.4142700183026,6
757,26.915448746472105,81.19089518391114,26.81489213966582,80.63293536929011,103.96427819646146,14
758,26.857418931624135,80.85125491162698,27.09639456205533,80.74631748702178,411.21852259327966,9
759,27.098908030644143,80.5790100630478,26.974173304679244,80.80956948624147,284.29344009666954,13
760,27.028360131520436,80.89453083206106,26.54167616153035,81.09828340315966,495.53621652146524,6
761,26.601622169420942,80.82715168088318,26.59869303966691,80.58632158730035,293.2928303501741,6
762,26.708853785423017,81.10793709957252,26.505253865817185,81.02914661012433,494.758378155319,10
763,26.666487723675694,80.57061945816466,26.92271759945354,80.8826475382163,401.82774448229463,14
764,26.998444016023694,80.85153361865568,26.79994119502498,80.70732064672671,199.44195384532253,6
765,26.52246673127297,80.60803503857967,26.589964150104525,80.85483010086364,315.3579917147831,8
766,26.881826088863782,80.73376666736084,27.14181586110804,80.71595829023946,496.8542557914331,10
767,27.010847319446263,81.03089709571921,26.854872015043565,80.92917900777158,443.01224310076947,9
768,27.087432976630375,80.84273305314551,26.662068507055636,80.81236762445577,138.94675751648845,5
769,26.72919477163966,80.77063956530495,26.835404392673656,80.61837198093679,382.5487987239984,10
770,27.05024239413025,80.78402292057042,26.955345622932523,80.5839398136801,238.2318343483252,5
771,26.57412326375999,80.83080167325231,26.55108027604229,80.89362089109193,102.79290475213925,7
772,27.067123035462128,81.06521191156268,26.68405155608209,81.149737383966,261.3923876107998,14
773,26.585417403762428,81.14230097603696,27.040666878892278,80.74764953432154,193.9017686899885,9
774,26.766182484675447,81.18784097428282,26.807975463169782,81.02776007720028,427.5477082081886,14
775,27.034187895072304,81.06657043810381,26.86620668516164,80.97423617555663,234.93224353830618,9
776,26.60044467632368,80.72709296493856,26.789986721480346,81.17071953830282,431.0094775815268,14
777,26.653598434805872,80.99545698838232,26.529412961570813,81.09110633245538,100.23917553391813,10
778,26.983909220823357,80.81507424931988,26.611052352479504,80.90795578641193,223.12766001044764,14
779,26.98242447948587,80.68336284787316,26.798512897957067,80.97306195872855,196.46608572310478,12
780,26.92956891403315,81.10542753718666,26.640154261823312,81.14683825594051,193.4269444274444,9
781,26.964945457792957,80.52766697125287,26.533485949201985,80.7876535249026,127.27464790618508,5
782,26.86362537704289,81.1492686343375,27.065245274914723,80.7352921882176,174.8497081642007,9
783,26.66870536946766,80.8322637745298,27.15739899453996,80.50778398021734,322.219827954248,7
784,26.731616315647628,80.95878506330196,27.031405725577816,81.09511677341786,216.5444291350978,8
785,26.621670470256955,80.97473482398816,27.07203589754213,81.07670610429042,266.95791293165917,12
786,27.10866187609353,81.1444847733087,26.66212467731242,80.5752072530321,250.7467521388754,11
787,26.890872502493302,80.95840217116039,27.143620073593844,80.91533731441554,450.3619699999578,9
788,26.76857044923164,80.94203218102724,26.631940221983797,80.83406682268016,462.1195996042062,6
789,26.80954388844157,80.5479894692037,27.13745797294243,80.58547054876657,297.182788662344,10
790,27.134679837539917,80.87325377580055,27.166528926957188,81.20600912348372,232.06238012624175,10
791,26.602745440087773,80.60812168058827,26.976854279849853,80.65458103897362,142.72028160094544,14
792,26.892773987451257,81.03095231347947,27.157366300300524,80.5484086096652,481.361151752838,14
793,26.838945414852592,80.86879978298512,26.88159165230996,80.92829011324137,124.09077796011898,10
794,26.909674337741215,80.98976400103001,26.673892994727982,81.03198400753578,219.0601110273122,13
795,26.512133823159964,80.53000448843372,26.792787243395967,80.52335928115397,219.22648046800165,12
796,27.084323018992585,80.56105025155298,26.89768582670379,80.97427669988346,228.16051445608596,12
797,27.124519249264022,81.01575283940512,26.5489646465581,80.88325015068504,165.71473730896372,5
798,26.878639233004773,80.55190072191904,26.916969987293555,80.57435080639003,413.26457236947886,9
799,26.966756051997518,80.55130484399099,27.15738915063074,80.62421719140139,148.99914478639568,11
800,27.11807458538879,80.50871810216911,26.627372125355098,80.90894149406758,353.9626636612651,10
801,26.973849884989978,81.18868100677562,27.031038727913216,80.71337748172957,149.53841068232697,9
802,26.602201158752557,81.03100601881049,27.108292191832348,81.17558732462895,128.21425503718262,12
803,26.886113201311765,80.75434101412148,27.132280067189548,81.08949296522852,463.7718014743506,7
804,26.906499081076515,80.71350561852711,27.14329085495165,81.20816838868984,176.05150652748227,10
805,26.7841675497726,80.75178632541702,26.849377957943386,80.6869630040443,428.5000618238817,9
806,26.993417637868564,81.05775054245045,27.15479629835431,81.19820101561454,317.85234844285435,12
807,27.126025899895243,80.9761868399707,27.007397838780076,80.81048838624992,131.14260784350785,8
808,27.120130903647542,80.63334080886457,26.608319862278766,80.7502135326259,482.179276575227,12
809,26.80206237884077,80.62535872144053,26.819523071333542,80.53625165941793,198.78446679675702,14
810,26.575869490713306,80.57084486779365,26.981281887499243,80.53799098565891,443.8581381410426,6
811,27.159843603304765,80.97541795818496,26.665718011598788,80.99824810428159,167.5240023138257,13
812,27.062061717918777,81.05034831679964,26.929212172977756,80.8297088759925,441.5771528567411,13
813,26.58352399640619,80.690833428394,26.946622320961236,80.663095570746,105.2915251621176,14
814,27.11696406135364,80.51508037194226,26.60900882835174,80.94205862055416,304.71218262779223,14
815,27.082830562581627,80.55916360058303,26.878607159343346,80.68205784514008,407.77703176862275,10
816,26.84762149827447,81.19685922508842,27.016990030355668,80.91589486312799,473.9182069971133,8
817,26.896154541949105,80.71272023978375,26.83426009523908,80.75863029782754,463.68085448259484,8
818,26.76733181159299,81.05384066644345,26.50810908823999,81.09295760316051,427.84994781905795,10
819,26.53669029801076,80.94975776957507,26.506055774283126,81.09090123575209,455.2765398645216,9
820,26.724582151902755,80.77499654055009,26.73920966045991,80.84369228664814,179.6878743348306,10
821,27.03791181056067,80.6480948287808,27.120550025849294,80.75258975872121,213.67371828469152,11
822,26.503103455413083,80.58739822107478,26.65321344233442,80.76104305352254,215.5874099684234,11
823,26.723444445033067,80.94280933698798,26.925023671544032,81.08011445848112,250.8215724006795,13
824,26.766773024705934,81.05773632205921,26.648790833364526,80.73628922761428,257.3282681540755,12
825,26.86005505396841,80.96361106254962,26.7155188930719,80.65052274906893,317.82212986187017,10
826,27.116303262996553,80.88181753593939,27.068188200032996,80.56097560615022,163.95190534657655,10
827,26.732051816225194,80.53020488087078,26.988337166320864,80.83601904703677,376.4986655143957,9
828,26.732458645270473,81.19731191986796,26.56391751579985,80.84713511122229,167.0266157218026,5
829,26.994125836233533,81.07507421799129,26.78723035406091,81.10545427149009,224.123392841819,13
830,26.802986020396173,80.7108318664247,26.519543741642327,80.65929186144116,301.33805224246163,13
831,26.65048523136979,81.20557863713837,26.822196398224015,80.77431371704125,418.5762246093909,13
832,26.803134475808907,80.93335474453815,26.943830787839715,81.08205213200345,395.7876932954909,12
833,26.594374203654468,80.91934431390922,26.579396757810763,81.09300899973925,358.2137425642089,14
834,26.61817928095917,81.03861268918926,26.69355290906914,80.77691997470471,162.30930423206806,7
835,26.83390640773545,81.0844742474249,26.766550539086445,80.83056929676641,318.8181382462311,5
836,26.780680051168048,80.97266459727868,27.116085786519555,80.71836584141148,134.9786007199542,12
837,27.11294675371563,80.59222893738367,27.16548086033339,81.1714395124619,250.9452707186603,11
838,26.742803912408146,80.74355260431604,26.53009057032706,80.58542351133394,265.40661211598365,9
839,26.88899419468629,81.16822022103476,27.009875308741915,81.17229958456106,115.92457577830153,14
840,26.923617072906087,80.66172324052758,26.74905512448957,80.99238384532144,209.59523978798873,11
841,26.508773285914184,80.76796025716301,26.762946984773752,80.88273194993445,482.25978690659576,14
842,26.944570039251197,80.81109535571981,27.005357532142508,80.52351452376483,481.4530431318758,8
843,26.619284097802733,80.81637159258001,27.115345709537426,80.84242925811185,240.93082170101573,13
844,27.143917112704536,80.94131649939605,27.13712215831671,80.79357863560196,117.24004357932962,14
845,26.599604027594587,81.17901460317619,26.886672132645675,80.61607754462209,171.6379757312726,6
846,26.777798162897106,80.6732987525194,26.739271176731336,80.97261491452048,256.88711737341606,13
847,26.55718427761269,80.58748099093665,27.027657887525383,81.19922865330517,479.1118791876919,13
848,27.167905748736786,80.64217875269915,26.66817092678574,80.90477594396646,156.47962541487396,9
849,26.836470656921932,81.13858592815068,26.877929599318456,81.01462235903963,405.4063374672849,5
850,26.89890796160443,80.96498378511174,26.740247569221665,80.54928432584754,143.47301574987682,11
851,26.544941239850246,80.7058528882522,26.939942819384278,80.80072023698824,492.5030309565107,14
852,27.002473515167452,81.0874817960574,26.66106727163865,80.58377810931843,252.64659964365399,14
853,26.640636747374042,81.12018639738167,26.628367273642333,80.94121300158629,410.0938155596224,8
854,27.10169637392528,81.109490323857,27.115220188072545,81.17570715391419,237.03643312445274,13
855,26.637443559122946,81.16162710422047,26.56820846757619,80.97647996737957,351.0675508635235,10
856,26.627760772844656,80.68161353452481,26.838991798182406,80.55529819478639,176.8064338960147,7
857,26.524488277458225,81.04363018869732,26.647971364585217,80.75535966758926,158.408407718785,10
858,26.8162848532237,80.83158843803739,26.526083075428197,80.8964776331974,475.2256558272525,14
859,26.878443559285955,81.10623895808084,26.524132608255254,80.79030958441594,467.0589111617734,10
860,26.544024788416998,81.02451328755636,26.617398587310905,81.10022368754213,454.98757608515297,9
861,27.019603503185657,81.0590421614798,27.080736137519022,81.08656312339119,350.1733800666374,6
862,26.80370351928118,80.97243652313037,26.68926075846461,80.94051833447432,423.3072844865113,14
863,26.85134148044948,80.62774871401818,27.13680764428545,80.76888972049555,127.61477476454996,14
864,26.795311040448613,80.89241938160579,26.88968693630276,80.68384218910954,233.91561675627167,6
865,26.768511250786467,81.20896221245765,26.792531507145075,80.57622950911345,225.4812499028625,11
866,26.874959021976508,81.17491940787792,26.888659519228536,80.75552633211032,354.2581287810453,6
867,26.60401096477358,80.53108508977385,26.8461879181016,80.79748421238956,242.3831093882562,10
868,26.621891847431833,80.6186666673252,27.008380090017408,80.98659250607493,159.4027126574723,9
869,27.077396366079057,80.59484471688728,26.689272364201813,80.97387507349426,338.5868301654175,8
870,27.133897359629536,81.02270553518942,26.736543762372204,80.5504778605417,425.7535682676326,11
871,26.750117241907436,81.088805437497,27.09904318269728,80.78458670711044,252.84939778398928,12
872,26.681398931006182,80.65372818374368,27.134125863810773,80.6308807843965,152.90748603939267,8
873,26.931479693970143,80.86421393892532,27.098014012415938,80.6129051478281,178.67527892512922,5
874,26.773851894635726,81.10530618016806,26.781030155951402,81.09565754781082,194.99332206775358,5
875,26.51700885829243,81.0276171122317,27.022844887014614,80.53017895603571,219.9590371978145,5
876,26.604622240235347,80.89041078795412,26.819144941311738,80.80181167064953,357.11802820252365,5
877,26.97970139332776,80.92505033713032,26.83335170093789,80.62110663215189,340.37819381508757,9
878,26.941479041079802,80.86601959377973,26.637135673068382,81.1331177552885,378.43194462681566,8
879,26.518154314977334,80.71423488494955,26.896057303183206,80.90106916955803,245.00079381260525,13
880,26.648721348495076,80.90681583485849,26.624711051494742,80.66659405819134,429.5990607519913,7
881,26.65482011371401,80.99599741747606,26.722148348375022,80.8617476467598,181.63506446230411,11
882,26.95016813821115,81.12879249941977,27.072870235085357,81.02667017898624,287.61629900726155,12
883,26.513206060295424,80.95812977486506,26.638740792171273,81.18984496642199,420.3754886165721,10
884,26.569752749929666,81.04800750667107,26.5476760510662,80.65872112305671,172.0634590930477,14
885,27.03594377720004,80.61525157716729,26.546235087050587,81.13805087593313,143.9452454963132,5
886,26.619624923576403,80.83232138158225,27.130325628737083,81.1726989622006,453.4735870751959,12
887,26.937339892260756,80.50671876627551,26.83963669343443,81.15982279206308,237.17186510367836,14
888,26.65958246330131,80.67760878245556,26.774306088117402,80.95749833694057,373.5480499636128,7
889,26.56662573314876,81.02305243488136,27.043288649275308,80.95347087119299,110.1394417055754,12
890,26.662925367969635,81.21410316497155,27.06000337170005,80.79031165589235,376.01875536377986,8
891,26.983918844343293,80.57140823170279,26.722567992187457,81.04172647525873,226.4405246187882,12
892,27.07331663363121,80.78907590742013,26.964724098507443,80.88253169321267,122.2963414349767,5
893,27.056247309259884,81.07605109746339,27.016652286620765,80.98775541128437,343.9251046192468,7
894,26.766112964844364,80.6469056569328,26.938615960200192,80.80848969077113,196.32152642926928,10
895,26.947617041502333,80.89966116349764,26.60156870011607,81.02667745411105,254.722896820752,13
896,26.6373394779286,81.02781133314136,27.08684166595643,81.09361949267527,132.23232491460544,6
897,26.696408979274878,80.94350952418733,26.861193350333128,80.60543410475402,158.86530043797814,5
898,27.100544998409152,80.6353778089231,26.689256525667904,81.09970939521344,219.1908941983375,14
899,26.508711288752192,80.75587688945373,26.784902884243255,80.88901350288901,135.90380022406285,7
900,26.557290715672494,81.06433008482948,26.52517263056727,81.10815945454496,464.33050587452607,8
901,26.63928379094784,80.89904309017506,26.58567075681902,80.81053722856554,102.41881727359137,9
902,26.51777657659546,80.50376532175089,27.012916322845626,80.77290914947578,293.54408754572455,7
903,26.621561741510163,81.04791334722023,26.500007795286095,81.1588437274124,149.2989832530206,14
904,26.890637845849696,80.52542417555698,26.779099105083137,80.68084187263484,223.0716357911794,6
905,26.782354448896974,81.03692832356649,26.850081821327347,81.10783287420603,470.4238239273062,6
906,27.098090046421575,80.64578600331897,26.536605061400653,80.84849481220677,164.67782130959475,11
907,27.047687186364758,81.18981290568595,27.151962369191466,80.87014871863691,486.332927887333,13
908,26.729017625637578,80.7649173409375,26.65150397193728,80.72209716267243,182.3177507957687,14
909,26.673813700398966,80.73539076376342,26.70381314215631,80.91259038444569,396.6264433867318,6
910,26.754393913472068,80.60719939623937,26.70364148321087,80.73415206131887,318.67090595892466,11
911,26.895497611484924,80.72003503515296,26.654379163618625,80.52827397825399,453.79149103870367,11
912,26.679602639351327,81.1311885485163,26.50098746079783,80.69583899584794,321.5973022012524,11
913,26.91817976825892,81.21736072309162,26.98866101203896,80.50459291125274,313.82368766252347,7
914,26.774305806968133,80.76518286196493,27.147786484865524,81.20441544668094,178.18320014735997,11
915,26.86987161117083,80.82299965428727,26.65027663380098,81.19533799107022,166.49174482066348,5
916,26.792204774520663,81.01989107550597,26.944241618508293,80.78451181418006,466.59566044620567,14
917,26.697292058893087,81.13806096193485,26.99707053906234,81.02442701512454,231.13527954001364,5
918,27.135463715664645,80.92699192061448,27.068445003990654,80.74898039085551,248.83290198515837,9
919,27.011615882087042,80.78189850268804,26.78316156199912,80.9831870731019,403.9294633713554,6
920,26.593875827763522,80.797087725411,26.702963706779087,81.0799096309931,235.52939296912294,13
921,27.081873543851604,81.0008450654777,26.71794773979543,81.18166449617841,480.8249786556011,11
922,26.826578902827176,80.50231714979508,26.977456293176004,80.78815283861177,395.1711075995201,8
923,27.099349992019043,80.94610432297108,27.047242242558777,81.06397454772835,338.971697029368,8
924,27.035903021484703,80.75595496751778,26.621681358396923,80.69146848445513,452.358064217901,6
925,26.784893047994387,81.0718220785195,26.748530475465703,81.21303925873143,119.84236333979311,9
926,26.515054436574477,80.56695326067266,27.10429993182193,80.51855411111033,202.8250768756835,8
927,26.680013830787914,80.92350563220285,27.040484658195478,80.9345407406808,286.01453368836394,5
928,26.862894923822783,80.84630048071801,27.15985512985086,80.97484430678895,190.7914157886084,12
929,26.92443040728352,80.96247437865176,27.005346333986996,80.99539280109337,397.56207492086077,7
930,26.672784749240247,80.54669458802773,26.763440784688708,80.58667905672814,467.68321242149005,10
931,26.593368569628794,80.91758832694825,26.895727348776408,81.17574144410065,269.50804797236935,8
932,27.059403258655532,80.90426890333086,26.942879550345705,80.63045196091606,236.853040044758,13
933,27.159549461071382,80.90367526797964,26.552565396932472,80.94838245033269,484.6202928550265,11
934,26.8522124221428,80.93451111994945,26.86481296259959,80.66032677696862,277.94097313101634,13
935,26.615025121518364,80.98705691480298,26.97524495507665,80.72119582025532,295.6193601797133,14
936,26.682445908767978,81.07959207977015,26.61210527368071,80.89345015004425,240.65994893676213,7
937,26.512321753286802,80.69427091849231,27.023023250675124,80.8003792613665,463.8193892048553,5
938,27.112580200395534,81.09403557532964,26.891127762944457,80.61536243270308,327.5821933127403,9
939,26.578893225536394,80.85874409122968,27.13798859641739,80.62307420974301,404.86983487265786,7
940,26.886266038594552,80.55548196097672,26.528422939798617,80.80106424747721,424.7226873403545,10
941,26.68361699786043,80.54215666905567,26.677768512162164,81.04524374435836,236.73961676690328,12
942,26.871299261685582,80.74065158946117,26.903041099130885,81.1465345457304,273.47773252815205,8
943,26.93645166019575,81.06512582352026,26.698695141177975,80.56057191682676,439.38870976250587,9
944,27.055927008483827,81.00953027301345,26.978664189927734,80.78303481344277,245.3021406703241,9
945,26.638302252079605,81.06780277456413,27.008533539289694,80.57217680588047,417.5740533807405,8
946,26.50736720520118,80.87243372063796,26.56868569592454,80.51194658605547,476.39692902977487,8
947,26.591713372146103,80.81694327852796,26.844282491018536,80.97643745150364,349.28414922720276,8
948,27.103012490038232,80.60616581922852,26.84095667224601,80.93376359821595,396.65091498075554,8
949,27.085506351966888,80.73629878259871,26.747418116044415,80.61737376194672,422.03892481645397,8
950,26.900266778454107,80.8124939436452,27.125059657921682,80.668345239827,438.015859558657,9
951,26.90234629649055,80.56379230936932,27.05442923431506,80.51706958262405,258.0213351427184,6
952,26.945574571945993,80.65884060595207,26.967130285879456,81.10116198809997,120.50538367039927,6
953,26.617498756677712,80.9307222117259,26.97859884594245,81.20177722915496,260.75050849469585,13
954,27.112656003769725,81.02967744225222,26.80934981635479,80.59753086649218,369.50249191363594,6
955,26.78057625167769,81.21881020820292,27.11706632913471,80.66666215391102,280.1401543123171,10
956,26.756702813927163,81.17184159856735,26.965378936259704,81.12525485724179,399.5852603441594,6
957,26.847674862539503,80.96264694366533,26.988417311309398,81.16705393452845,242.79297178746555,9
958,26.531467197739286,80.80329859837173,27.077332905537524,80.8021317156209,353.89765644161184,8
959,26.611409857066572,80.95804770258992,26.68362796485927,80.53644818003373,174.56792194158982,11
960,26.99448252300567,81.06566916501777,27.04073750559069,80.52836212025883,399.74777465798275,11
961,26.555475107509835,80.58520205746484,26.63081120398085,80.9132439035697,318.27838752521035,10
962,26.904111913342483,80.79513152058132,26.731379108004074,80.78288447840309,181.62575541864024,14
963,26.664383903486485,81.10465764565764,26.724859004360795,80.5206297478559,216.7644693991229,9
964,26.760828061408127,80.77635972539179,27.155612063820726,80.91994172246504,399.44348343273293,5
965,26.69342480363637,80.91174803528358,27.073879939911112,80.5081378263441,293.04049426460824,7
966,26.738300720031518,80.92319393982078,26.969783807265475,81.06690780986747,186.4125761572289,13
967,26.981760756473445,80.63282290225622,26.987128030282314,80.72063163234643,486.90847614811906,5
968,26.69907154946753,80.76080951798964,26.876588772249722,80.52898576216664,386.05000792675514,9
969,26.879491108998923,80.7408481278942,27.13455074696271,80.92361359910787,482.85393301591847,6
970,26.8189537694734,80.51886163014309,26.832493364431183,80.7863327783918,270.8420181441373,8
971,26.944659680792974,80.51741807000178,26.75494686561283,81.20113629761714,290.0401362766882,5
972,27.12767592534759,81.09882187144656,26.609233675744168,80.89182303700267,459.1820864740077,7
973,26.99082330513087,80.69661098318042,27.026757787014912,80.69817221034664,310.0197360981539,14
974,26.64401005365581,80.87301671169195,26.992077434490646,81.01079598253646,382.9115647622669,11
975,26.52089270049106,80.71508241298392,26.75751787581117,80.69547424183075,200.86915099821198,14
976,26.675716909680883,81.17728905648305,26.516879587352683,81.15105516981345,278.69058748105624,7
977,26.898702213569173,80.68669366638336,27.062128209571068,80.7697998187653,149.37994632414205,8
978,26.534455295034448,80.80935290517203,26.50765004891423,80.89590536519887,182.39201435078468,6
979,26.83256538562483,81.12836578034891,26.971478852351467,80.53641263475345,100.37736610705244,7
980,26.899884708774316,81.1061921680901,27.15007226351646,80.80680729132561,115.70602065946409,13
981,26.723943406847365,80.63399302084932,26.793233089859296,81.09930174855592,490.91352927077173,7
982,27.016511176509702,81.07790318305291,26.65743218134729,81.08006713986161,196.94147805470493,9
983,26.571420829599628,80.82989455845129,26.972263576729066,80.66150936237455,365.32428380160076,6
984,26.550342313762993,80.84773758790145,27.047475855150445,80.66277693112761,435.6398795198446,8
985,26.987886466656416,80.59610558013948,26.86610831177216,81.08845982479353,320.2641836946257,11
986,26.831979181858152,80.55803308990512,27.14791363442162,81.1698868625219,161.25780003358247,11
987,26.961229605606583,81.02411630102111,26.534618043510832,80.56865986331657,391.24657493446654,7
988,26.79133431686451,80.85745202969582,26.838213050864034,80.82404222038689,340.1005640398332,9
989,26.6650893622702,80.81453250588292,26.98136414470611,80.74296708085424,392.50023573895004,5
990,27.048798552841717,81.02524592462973,27.07796911566995,81.12689568792935,407.89864914283487,14
991,27.035608638909217,81.0511692872736,26.62010125997822,80.56013793856961,490.16414707389805,14
992,26.965446635472468,80.61441388072194,27.036002332781667,80.65201067864179,329.425312010684,14
993,26.682337241944076,80.93936210762391,26.870313740731426,81.04177720306228,236.65644507624074,5
994,26.895454546802288,80.59745493923994,26.765690966933278,80.53693157126648,359.3858227600948,9
995,26.74185251094982,81.04099006194092,26.58824906914799,80.85462547411429,127.37628369705045,14
996,26.561359989128846,80.97300771251234,27.079748158468973,80.81831706496939,458.9589273286345,13
997,27.114600095559705,81.18876252718009,26.60537304948041,80.7407688488719,147.7524045352787,5
998,26.591668482715704,80.54964977177663,26.707557865670097,80.78409206702962,231.1371351543273,5
999,27.136659027059938,80.5410793992289,26.694330506414833,80.88155722258976,426.29815225044837,8
1000,26.798823867881833,80.7031746937791,27.083847402907875,80.61618449803963,338.92495133228476,8
